match_id,player,team,opponent_rank,venue,days_since_last_match,strike_rate_last5,avg_runs_last5,boundary_pct_last5,is_opener,runs_scored
1,Player_39,Team_2,15,Away,7,132.6233954081492,29.94272409172027,53.33530871764771,0,57
2,Player_29,Team_8,8,Home,3,148.03542565117147,25.49983331329547,57.11878678651823,0,41
3,Player_15,Team_2,12,Neutral,6,136.1577789455712,25.37869154532401,46.044439064536654,1,47
4,Player_8,Team_4,11,Neutral,8,167.80999562481495,26.021916135146405,64.9600865938867,1,49
5,Player_21,Team_2,12,Away,8,117.77173975731131,35.38814600810737,57.88653930807484,0,49
6,Player_39,Team_4,12,Home,6,138.96711689669831,22.058199075982127,55.74776267921968,0,60
7,Player_19,Team_4,4,Home,10,144.1137274992137,35.932692234702216,66.92496559031471,0,44
8,Player_23,Team_5,4,Neutral,5,132.4309189630708,46.1299475562683,53.7988635678863,0,46
9,Player_11,Team_1,5,Home,4,90.0,35.257073578131994,53.17579002847583,1,45
10,Player_11,Team_4,8,Home,5,136.78190183901614,28.30414471082863,50.15371235996036,0,68
11,Player_24,Team_8,5,Away,6,158.00353973824932,19.018731149453696,58.43067008925935,0,48
12,Player_36,Team_3,8,Home,7,155.56218372252036,47.781068079115144,58.084501083315146,1,56
13,Player_40,Team_6,15,Away,4,147.095569643404,20.299823494010877,48.337157994900934,0,39
14,Player_24,Team_7,10,Neutral,3,118.04275283301553,40.48562034475748,53.223060228866,0,65
15,Player_3,Team_1,1,Home,5,147.90618924916967,38.38517860594486,48.40397731480767,0,58
16,Player_22,Team_1,12,Neutral,6,128.53124356915524,29.632313970359405,47.9513154618451,1,48
17,Player_2,Team_1,15,Neutral,5,147.06965811897334,29.37021196219322,37.70102168273153,1,45
18,Player_24,Team_5,10,Home,4,142.43010022803432,13.642887259589795,52.69089746318445,0,39
19,Player_30,Team_4,9,Home,9,120.47249457433257,35.30065000812621,37.97786733919989,1,70
20,Player_38,Team_5,6,Neutral,11,122.15088321286193,38.19926332395805,50.37184313660489,0,65
21,Player_2,Team_4,3,Home,5,147.10044908843034,21.109198838521955,48.87305354122392,0,44
22,Player_21,Team_8,13,Away,3,135.57773809422997,30.44178525670897,65.51895057265604,0,62
23,Player_33,Team_5,14,Away,3,123.19437138685743,32.3786191500895,44.85065193690358,0,43
24,Player_12,Team_5,8,Home,2,121.54339620546334,37.84572627949568,47.38813615185524,0,65
25,Player_22,Team_6,9,Neutral,5,133.9233830402757,32.03803076123187,51.18475860808427,0,64
26,Player_25,Team_3,6,Home,11,171.3620958943642,15.736806460384159,49.19856348497224,0,48
27,Player_27,Team_5,11,Home,10,129.47843935576083,26.700622305375106,68.69254797421875,0,47
28,Player_28,Team_6,7,Neutral,8,139.71960923484824,34.24625785389019,43.614326269503806,0,58
29,Player_16,Team_2,1,Neutral,11,142.0328857537902,40.41528342039759,51.20595501014158,1,45
30,Player_15,Team_3,14,Away,8,117.37947217016114,25.82363390605753,58.32065249164407,0,53
31,Player_3,Team_8,5,Neutral,8,104.7433503231461,53.87649874550019,63.811833430420066,0,57
32,Player_37,Team_5,5,Away,9,119.46718530528538,13.055269311630354,51.197584440697966,0,32
33,Player_7,Team_7,10,Neutral,2,144.94154755612607,26.36299824942099,35.819003994962074,0,44
34,Player_21,Team_1,14,Home,11,141.7466211583082,31.169663965072267,53.49895778414495,1,42
35,Player_9,Team_2,4,Away,11,154.0481313830213,29.99250836447136,68.52028476180715,0,41
36,Player_39,Team_2,6,Away,9,141.93499789918232,19.678576701851675,57.82187407430427,0,39
37,Player_18,Team_8,7,Away,5,137.80901417061594,36.478617477517936,57.36417862359933,1,44
38,Player_4,Team_6,9,Home,5,127.91975450149747,35.71094051313922,44.369820084230035,0,57
39,Player_25,Team_2,1,Home,5,157.69213579725385,32.479614459815465,43.343284097113354,0,64
40,Player_14,Team_3,15,Home,7,121.61639722558567,35.318438632585156,55.180416486340995,0,52
41,Player_9,Team_5,6,Home,8,117.79200965407958,27.762235885519694,40.73621077718592,1,63
42,Player_26,Team_5,7,Home,7,151.34111034776205,15.826370498914322,62.8136222236251,0,42
43,Player_2,Team_7,3,Away,2,113.3368537869269,24.833601299477554,46.53353751133638,0,57
44,Player_20,Team_8,8,Home,9,188.29581997317263,33.57054581409441,54.75342719268506,0,60
45,Player_28,Team_1,15,Away,11,141.59986761118287,33.62744414846396,36.14233081245758,0,60
46,Player_7,Team_6,5,Home,8,146.95812232649772,32.41379052585848,51.061981315564935,0,80
47,Player_8,Team_1,15,Neutral,7,123.83160350953226,37.48708267985032,43.14139452869797,0,44
48,Player_35,Team_2,9,Away,7,133.69470311516906,26.188539545499836,31.780435826581893,0,40
49,Player_14,Team_8,5,Neutral,6,131.46485766235293,32.26681057110536,60.41842089336318,1,52
50,Player_17,Team_7,9,Away,7,129.16330024662716,37.720927784049216,71.41159539091574,1,59
51,Player_36,Team_1,10,Neutral,10,152.65923503019653,31.151101814976467,66.29473589343947,0,61
52,Player_40,Team_3,4,Home,11,131.00847923549438,19.56676071593901,61.816906899038045,1,46
53,Player_4,Team_5,9,Home,10,160.3500245816836,22.385116303444626,50.85878832054454,0,55
54,Player_2,Team_2,5,Home,11,193.26364700239648,40.30852324279367,63.05890228547826,0,60
55,Player_6,Team_7,10,Away,9,134.089175197069,45.924721629425726,67.23853198573728,0,57
56,Player_4,Team_1,9,Neutral,11,143.0463102715325,43.75283107824049,56.36821829671293,1,71
57,Player_29,Team_6,3,Home,10,147.58964114331016,34.32155949742035,43.15639827687977,1,58
58,Player_18,Team_3,15,Neutral,11,176.23009625187035,19.96867397983307,50.00615701408629,0,27
59,Player_26,Team_3,4,Neutral,9,138.34704429923622,31.936484432271314,72.02696488347937,1,60
60,Player_34,Team_1,9,Home,9,123.41966160683275,47.62255131950422,54.25255831849834,0,51
61,Player_10,Team_5,10,Home,2,114.67318988748592,38.184883804564755,21.752442800889035,1,61
62,Player_36,Team_1,11,Neutral,11,138.84032105135532,29.925224773161275,40.31076536329806,1,57
63,Player_14,Team_2,6,Home,6,131.03239561892235,38.28625232841216,50.75551296857519,0,61
64,Player_31,Team_1,2,Home,5,180.20018578600002,19.306047933843953,65.35825238417569,1,59
65,Player_15,Team_3,7,Home,3,175.39724841353933,25.04328622151798,52.26877647593088,0,52
66,Player_8,Team_7,2,Away,9,119.31254344152805,21.158086089776752,65.5443165497326,0,13
67,Player_14,Team_1,11,Neutral,4,125.78479792901643,36.695718183484324,49.73837646452511,0,58
68,Player_23,Team_5,2,Neutral,5,141.47540215773773,39.141034997200926,35.357074777643874,0,52
69,Player_40,Team_8,11,Away,8,167.94452845117524,30.461739728016333,50.08438841401915,1,67
70,Player_21,Team_7,1,Neutral,11,141.14026272742103,23.27070323260434,58.44945001546285,1,53
71,Player_16,Team_6,11,Home,10,127.05518724023906,31.802509064653727,57.619503493413134,0,47
72,Player_18,Team_4,11,Neutral,3,138.8223638019455,27.134201093261925,42.44892250743364,1,64
73,Player_24,Team_1,12,Home,4,127.43030272207906,24.03829295306255,51.48803798196235,1,68
74,Player_26,Team_5,11,Away,5,152.04954418878964,35.389936853092465,81.84674238064073,0,48
75,Player_25,Team_7,3,Home,11,125.8193257667059,24.420077774813265,42.667311737031234,1,66
76,Player_29,Team_5,6,Neutral,2,129.79127895146067,16.336502670359074,61.607233944637485,0,40
77,Player_15,Team_6,8,Neutral,8,163.23867626912192,18.55885529636813,34.033243014302045,1,51
78,Player_1,Team_3,9,Neutral,3,124.63270105371856,15.967395331840503,63.63791824569662,0,50
79,Player_25,Team_5,7,Away,6,111.07743934879676,34.475119165762045,46.076746098115535,0,55
80,Player_7,Team_7,4,Away,2,141.8998750271261,33.50405438176164,59.0208825820294,0,58
81,Player_9,Team_5,6,Neutral,4,132.79053191590808,33.00520094508162,42.08474398231799,0,48
82,Player_24,Team_5,5,Home,3,150.22831001859907,37.877316524799426,57.908528001767074,0,73
83,Player_1,Team_5,8,Away,2,146.3494386946218,43.91958856117117,45.91349704258562,0,54
84,Player_8,Team_2,1,Neutral,8,139.36163010713275,26.077334691748845,47.849518170333745,0,42
85,Player_24,Team_2,1,Neutral,6,138.7791314906001,36.06477477238418,59.41986006395031,1,51
86,Player_11,Team_3,13,Away,2,125.2828310135433,16.203844925941233,50.696145236029835,0,61
87,Player_17,Team_1,15,Away,7,141.66694141986486,45.787097462633504,58.80381448216311,0,44
88,Player_8,Team_5,11,Away,6,157.62569562865536,19.55168761781843,53.091586813566494,0,57
89,Player_35,Team_6,6,Home,4,120.53106517201047,24.899188809595625,55.67493681247275,0,42
90,Player_35,Team_1,10,Home,8,139.8920524727693,26.022904862669076,59.45086471353402,1,61
91,Player_33,Team_6,12,Neutral,11,160.76777511469223,16.737290032777878,51.49981545408859,1,49
92,Player_5,Team_1,2,Away,10,150.10848186433398,32.32575577408562,45.03950213998226,0,64
93,Player_39,Team_3,5,Home,10,166.18945792701425,34.139038682014814,49.6768773407021,0,51
94,Player_28,Team_5,1,Away,10,128.6371534033133,30.1058632901845,66.95139179833436,1,40
95,Player_7,Team_5,7,Neutral,3,103.38463103210267,16.597523679689232,56.1617308407655,0,42
96,Player_9,Team_4,1,Home,4,144.01303607911373,51.833862348517115,46.55101546589526,1,88
97,Player_8,Team_6,4,Home,8,147.2514163005297,37.49230796501648,59.01560608387719,0,50
98,Player_12,Team_1,9,Home,6,167.3684390894535,58.34222043649959,59.68315584939138,1,47
99,Player_34,Team_1,1,Neutral,3,163.76291469413968,23.948907601137076,60.19999075797811,0,52
100,Player_33,Team_8,4,Away,4,150.73487246024922,41.57882228176977,45.22162799628714,0,64
101,Player_23,Team_8,6,Home,11,155.30780428340867,39.79273887394164,48.17609005714105,1,52
102,Player_24,Team_2,6,Neutral,7,136.1635708358672,29.094248969026378,48.231707836129885,0,57
103,Player_37,Team_4,12,Away,8,115.61770777361566,46.11050901059224,51.393520879338084,0,40
104,Player_35,Team_7,15,Neutral,10,142.3544243476182,27.945899923862214,60.389191851437346,0,43
105,Player_40,Team_8,13,Away,2,159.65146927255554,28.391085805753928,57.961848047310134,0,57
106,Player_22,Team_7,8,Neutral,8,153.12721739657098,5.0,58.75216957157163,0,27
107,Player_27,Team_2,1,Away,9,156.67614678318728,36.09028053742637,68.54019142371523,0,52
108,Player_35,Team_2,7,Home,4,131.44488625906496,18.744900883175937,61.8889093249163,0,64
109,Player_1,Team_2,1,Away,5,134.68906323963154,26.49278804304489,53.58198375003913,0,52
110,Player_35,Team_6,13,Neutral,11,149.66850976229208,21.737803612549726,43.161148239475004,1,40
111,Player_37,Team_6,14,Neutral,7,129.06985210982492,28.337684606817383,47.854529915291295,0,61
112,Player_14,Team_3,7,Away,11,129.68565860133995,36.43880230217436,52.38294932321773,0,53
113,Player_3,Team_3,3,Home,8,145.95964472754903,32.11141563048758,63.291298273361136,1,42
114,Player_1,Team_2,11,Home,5,155.21809486313816,39.096412905058074,54.72668065893907,0,69
115,Player_5,Team_4,8,Away,9,136.0094265334118,44.656295355856315,48.43804045111557,0,45
116,Player_26,Team_1,3,Away,6,116.73621077892722,28.312040633221645,47.67107114272774,0,48
117,Player_14,Team_6,14,Neutral,2,125.2839216991434,27.214327579838862,54.30421791078774,0,58
118,Player_39,Team_4,14,Home,5,144.07344169786197,41.5772765366201,63.899875622170995,0,54
119,Player_27,Team_5,13,Away,4,143.8304192773193,42.370472887399295,70.91019305775117,0,36
120,Player_9,Team_6,1,Home,10,144.82476275310697,39.40590868103047,52.942314019703325,0,73
121,Player_15,Team_6,13,Away,9,150.42590581191513,22.478211932606506,54.55256819237402,0,54
122,Player_15,Team_3,13,Away,2,140.116211170849,36.22655065501604,42.86058293842617,0,50
123,Player_26,Team_1,14,Home,7,145.30112089680622,33.09470604047289,74.39192569099467,0,64
124,Player_13,Team_1,8,Away,10,139.09946354342267,42.52528941349664,40.98997161843916,0,46
125,Player_32,Team_8,3,Away,8,162.97466965858877,26.271279104622515,66.71662311780551,1,52
126,Player_39,Team_7,2,Neutral,5,168.64684062435003,15.33389708850084,51.3466404698753,0,46
127,Player_32,Team_7,1,Away,2,116.21977435239931,38.90236800380272,49.00633506159681,0,50
128,Player_4,Team_7,14,Away,3,134.89496115795492,6.4163161674289775,43.89996428114073,0,42
129,Player_30,Team_7,3,Away,6,140.65448983081416,24.6848659610367,79.10048649407133,0,34
130,Player_37,Team_5,15,Neutral,6,134.66170575971358,21.768044886817055,57.21491623278394,0,42
131,Player_23,Team_5,2,Home,9,175.85845182661745,21.700653290942533,55.21280437104063,0,57
132,Player_39,Team_6,2,Neutral,7,144.47910556179468,24.509685290449042,63.86732359554543,1,70
133,Player_15,Team_2,6,Neutral,9,123.89256345899312,44.1737356975163,48.49167274370037,0,41
134,Player_29,Team_3,12,Home,3,151.92884679121343,40.20555419006373,55.018459552310055,1,70
135,Player_36,Team_3,1,Neutral,4,145.41949077692385,29.48269318007495,55.56336286812121,0,58
136,Player_13,Team_7,2,Home,7,146.08385839106842,43.33623471859049,49.87854267651867,0,43
137,Player_32,Team_6,14,Neutral,11,176.1575231759838,21.37702844833626,66.99638079185914,0,48
138,Player_7,Team_8,6,Home,4,147.0157035150962,20.017166142528417,52.81345588504096,0,62
139,Player_22,Team_4,3,Away,7,133.9267695225201,40.635966592465905,39.468679466311706,0,57
140,Player_28,Team_2,15,Neutral,7,100.89447147379798,37.796432293226474,51.98502636479126,0,47
141,Player_2,Team_6,4,Neutral,3,136.69201963712976,27.39736598416677,57.49178671713897,0,54
142,Player_6,Team_2,1,Neutral,8,166.1193983465438,20.645391063018693,46.06506766112392,1,53
143,Player_28,Team_2,8,Neutral,3,138.17661760887626,46.5973187503794,46.85405206829561,1,45
144,Player_28,Team_2,13,Away,7,95.19900202960994,14.798974490521818,49.537409618739595,0,38
145,Player_20,Team_6,7,Neutral,2,130.03275215615108,26.015740646564396,67.21235660066961,0,46
146,Player_30,Team_7,7,Away,4,159.85377077825584,34.285765275178974,50.12841977354294,0,45
147,Player_11,Team_3,3,Away,3,150.9163434912403,50.02164808431446,69.29117018551031,0,84
148,Player_28,Team_3,10,Away,8,123.20238206978529,35.8310021207322,48.850495618516646,0,59
149,Player_25,Team_7,10,Away,5,128.69430447201836,36.80304653013299,58.25014136256542,0,38
150,Player_39,Team_2,3,Home,9,131.78582681795166,26.30616299851873,50.53757325780249,0,56
151,Player_33,Team_4,14,Home,7,126.7457245627414,37.68480225274598,62.54083170290472,0,70
152,Player_1,Team_1,2,Neutral,11,99.40652264520836,33.05309320879087,43.81725845434721,1,35
153,Player_27,Team_6,12,Home,5,155.2718220123971,16.11535459582442,62.42859479577231,1,55
154,Player_13,Team_1,1,Home,6,165.14119913378187,39.92934853493107,56.13869400309684,1,68
155,Player_3,Team_8,7,Neutral,10,109.6310211207052,41.70393389846851,48.60008183222551,0,37
156,Player_39,Team_7,7,Neutral,8,164.8770586517263,40.03365048821163,53.33778515289849,0,58
157,Player_6,Team_4,12,Neutral,11,137.9395359720557,32.33327925665802,70.33854941032175,0,57
158,Player_8,Team_6,2,Home,10,164.50264696335748,22.438231168503528,56.37844504880783,0,68
159,Player_27,Team_7,7,Home,8,140.7590087258089,8.908162687151346,47.97271984087361,0,43
160,Player_9,Team_2,13,Neutral,2,142.7108918431726,33.570536054014504,42.95306717171887,1,81
161,Player_37,Team_3,8,Away,9,147.44869293964425,42.819420597408495,60.054042734309974,0,31
162,Player_33,Team_1,1,Neutral,5,124.19867349729444,41.95532469083081,56.958452470106856,0,58
163,Player_24,Team_5,9,Away,4,163.89348288656043,40.16072843393848,61.95020695088223,0,40
164,Player_15,Team_5,7,Away,8,117.5723872385043,31.25789021450609,40.37775260310158,0,46
165,Player_32,Team_4,3,Neutral,4,131.95866510966658,42.87464174031497,43.277395471085,0,51
166,Player_32,Team_2,8,Neutral,9,150.48529355286337,41.24161823855903,66.46879199251899,0,58
167,Player_24,Team_8,7,Neutral,7,129.81609519029072,27.77366439278442,58.3134164677934,0,46
168,Player_12,Team_1,11,Home,6,155.5506248162989,38.76598016615847,60.33400851237562,0,51
169,Player_39,Team_2,15,Away,5,167.51732346367913,26.640408545907082,45.37312967892046,1,44
170,Player_2,Team_1,13,Home,9,160.25092002107672,37.40024231616922,45.190128016710815,0,76
171,Player_3,Team_4,8,Home,9,101.27769372642757,19.00883355698933,64.91258658192089,1,55
172,Player_37,Team_4,6,Neutral,2,142.51693939238714,19.777881913270786,65.3837765476515,0,31
173,Player_17,Team_8,9,Home,10,160.57365221392783,42.582070469439074,44.11680512970946,0,65
174,Player_2,Team_5,15,Neutral,6,113.66502306355886,41.37560122204765,42.20629504147155,0,49
175,Player_2,Team_2,5,Away,5,154.4722117445775,38.336115405758314,53.91407029287556,0,53
176,Player_28,Team_6,3,Neutral,7,153.34921563278624,32.87968821052831,47.00651546623994,0,60
177,Player_23,Team_5,3,Home,7,115.75820216123469,8.087255689758514,46.79823120953974,1,61
178,Player_37,Team_2,1,Home,3,156.68465331480323,31.251240617935103,42.48621753572607,1,56
179,Player_32,Team_5,12,Neutral,9,145.4539558705987,36.54183167189838,50.31566151719633,0,49
180,Player_33,Team_6,15,Neutral,8,153.00763577442538,26.652667524404084,43.45305257367134,0,41
181,Player_1,Team_3,8,Home,2,120.67375228469734,24.875058071917625,44.045990969907635,1,64
182,Player_19,Team_3,2,Away,6,143.0027223274277,46.444203881536914,57.983918465663045,0,53
183,Player_2,Team_8,3,Away,7,105.90242891735352,31.39711008608388,54.448017657126236,0,46
184,Player_26,Team_3,8,Neutral,5,94.46017584933898,36.54795169642381,59.84878681532132,0,46
185,Player_32,Team_3,14,Away,3,142.816568530555,39.74131461619365,38.50966564650693,1,55
186,Player_6,Team_7,8,Home,5,162.0119521352262,21.985629234949222,55.09880609829763,1,75
187,Player_32,Team_1,14,Neutral,2,145.0587362853016,33.93207422714194,75.75637542165838,0,76
188,Player_4,Team_7,11,Home,8,138.7310787211171,45.19644494477299,51.27727515714401,1,67
189,Player_11,Team_7,4,Home,3,136.24931759890254,50.19223183299721,63.24749006572298,1,69
190,Player_17,Team_8,4,Away,3,121.14869217113869,32.39936397214691,63.16006848774423,0,33
191,Player_38,Team_7,5,Neutral,10,135.56278192409388,29.620564526529254,63.651986080012755,0,39
192,Player_24,Team_3,6,Neutral,6,148.4336893652889,34.690240681375336,56.66661687057323,0,51
193,Player_5,Team_6,5,Away,3,131.29555534398742,34.43637047027521,60.66085982744214,1,48
194,Player_34,Team_8,14,Home,10,155.01173707671552,45.867580661311536,61.99013620013005,0,53
195,Player_6,Team_8,15,Home,10,143.91950067729206,22.03608310832933,61.35446028314358,1,68
196,Player_22,Team_4,7,Home,2,146.33958835546812,29.201269138339782,43.82581826486604,0,58
197,Player_11,Team_8,2,Home,4,157.7732550710192,20.828586731234896,37.92615517456014,1,61
198,Player_16,Team_4,7,Neutral,5,129.4648913469002,21.87905114202423,39.46416456585193,0,39
199,Player_33,Team_8,10,Neutral,8,153.18761172373902,35.76574015139124,52.298400076173365,0,63
200,Player_9,Team_1,7,Away,11,132.2704656549605,40.098578416370266,60.939267344226444,1,50
201,Player_6,Team_3,1,Away,5,146.7902896763768,25.50608306256255,43.95588722488415,1,47
202,Player_16,Team_8,7,Neutral,3,127.08457298726863,39.72094788975289,64.23970458584404,1,42
203,Player_29,Team_3,5,Neutral,8,121.78592353870536,43.11578657131968,49.977248254921136,0,52
204,Player_3,Team_3,3,Home,7,141.83729491296987,51.347059984333896,50.07244788805921,1,63
205,Player_20,Team_5,13,Home,4,102.29599895957766,32.69746848841049,46.638930041204,0,71
206,Player_36,Team_8,3,Away,7,134.07465112982237,25.60235472555867,36.15213640983726,0,64
207,Player_19,Team_2,4,Neutral,7,107.87245988781639,21.97528068394105,57.29314128434647,0,32
208,Player_26,Team_5,13,Away,6,155.58468068627215,20.982068020801066,72.1266771283857,0,33
209,Player_3,Team_2,12,Neutral,5,161.00221192217828,44.49780701403607,54.37335476467437,0,54
210,Player_19,Team_3,2,Home,11,122.72097557158388,16.849046570443498,36.49368358305148,1,43
211,Player_20,Team_3,2,Away,2,148.56625924946994,44.177484856512,62.80342811616446,0,59
212,Player_32,Team_5,1,Away,11,157.98271427374985,23.315589707478512,38.75202009897011,1,45
213,Player_7,Team_5,15,Neutral,7,158.04938445003566,25.147938021405942,42.909656030108145,0,50
214,Player_33,Team_2,5,Home,3,144.28901667943282,30.484445449900203,52.616618276864294,0,68
215,Player_40,Team_4,4,Away,4,154.68609351122993,24.963454504334887,56.22843438540198,0,38
216,Player_39,Team_2,11,Home,9,127.01337376159212,41.31979754959575,44.91335998833172,1,70
217,Player_18,Team_5,10,Away,11,141.6624493131336,50.13343951982775,52.22683943434019,1,49
218,Player_40,Team_6,15,Home,7,130.6579318641845,25.42567842446862,62.15162400760685,1,76
219,Player_1,Team_5,2,Neutral,4,125.32424052429272,27.677621608353732,63.521788848080185,1,70
220,Player_11,Team_6,3,Away,8,140.72126782939256,30.366791927161017,67.51456421814265,0,46
221,Player_28,Team_1,7,Away,5,146.9506075231615,37.41056763492638,74.09418652293493,0,42
222,Player_25,Team_5,7,Home,10,163.27017535909974,30.465157210441436,63.09889321661117,1,47
223,Player_23,Team_1,12,Home,6,145.30311054597775,45.87257411052596,52.83263485595759,0,70
224,Player_31,Team_4,4,Away,4,152.83861069923103,43.46623916561927,63.593137911229725,0,55
225,Player_30,Team_2,5,Neutral,3,153.06566346499076,20.145376464049,59.66716234005182,0,58
226,Player_35,Team_6,5,Home,3,193.7506873139392,37.209681655748284,60.06366977526255,0,87
227,Player_7,Team_2,6,Home,4,103.79935193454841,47.20339237309503,56.772187850716854,0,53
228,Player_16,Team_1,14,Home,3,126.24132266325644,27.052190542331168,45.87945897846093,0,41
229,Player_26,Team_6,9,Away,5,169.4811210497616,29.057351282064435,44.7190359217807,0,51
230,Player_2,Team_2,2,Away,3,132.95973850293052,26.719630021470447,54.02881798924857,0,60
231,Player_1,Team_5,5,Away,11,157.7160627520344,26.929243844764944,56.48910075846372,0,36
232,Player_12,Team_3,12,Away,10,144.60019047525674,15.31548448088952,48.20559077068287,0,39
233,Player_5,Team_1,3,Neutral,3,182.10404802416022,18.716850485349493,59.23341948608575,1,68
234,Player_37,Team_2,4,Neutral,10,117.73891145872577,32.774737187372295,75.8076590403919,0,31
235,Player_32,Team_1,10,Away,7,164.43601105037627,47.13597974652778,37.55669280721742,0,57
236,Player_9,Team_7,6,Neutral,2,174.99162610545,25.86639187481717,60.82244477563761,1,52
237,Player_35,Team_1,12,Home,5,119.71162245664001,25.57242697051442,54.3402537910919,0,53
238,Player_19,Team_6,8,Home,2,155.65740487162694,49.01521070420735,59.506555553346544,0,74
239,Player_16,Team_7,1,Home,7,120.69004028341888,20.917425381840133,50.69285299539709,1,57
240,Player_3,Team_8,10,Away,5,140.6032314507025,15.387568372935782,53.53940114952833,0,32
241,Player_20,Team_6,14,Home,4,134.86824139635652,23.714845638625,56.29500451008099,1,51
242,Player_24,Team_3,8,Neutral,4,91.94492130200626,25.372155212056338,51.983661164647394,1,63
243,Player_33,Team_7,11,Away,10,148.48468519423798,14.525469153049347,39.794586826301014,0,42
244,Player_24,Team_8,14,Neutral,7,142.86678335212463,30.719582937253886,52.66084969355547,0,56
245,Player_11,Team_5,7,Home,10,169.5815794681152,41.484463498615355,40.83566371803806,0,62
246,Player_8,Team_1,1,Home,6,152.22287309299085,19.14045226285174,61.531931105803096,0,61
247,Player_36,Team_2,2,Home,3,185.81767848157526,32.87578218953589,36.34454898921878,0,59
248,Player_38,Team_4,3,Away,9,142.14084764157428,35.95935675626773,65.2865437945589,0,41
249,Player_40,Team_1,1,Neutral,6,137.88939895995387,31.16615724725707,59.2956300020348,0,59
250,Player_20,Team_8,14,Away,3,136.31286698565808,33.85692589741059,59.333886157338945,0,60
251,Player_35,Team_1,9,Away,5,131.2082257793645,33.973272625952106,33.356901321521605,0,39
252,Player_25,Team_3,8,Home,10,95.84498167234862,23.87272043081568,51.71400561908444,0,41
253,Player_35,Team_5,2,Away,5,135.59610745984085,46.98582572011868,66.5356342865986,0,54
254,Player_25,Team_4,13,Away,5,98.64290547128016,44.477568340762154,49.81392020969705,1,70
255,Player_29,Team_7,9,Home,3,149.04066689171538,43.899113972411676,44.21937850036286,0,69
256,Player_18,Team_7,7,Away,7,115.19879415058831,42.13675740543864,48.63329904994288,0,37
257,Player_18,Team_7,9,Home,3,122.11334753823161,16.25020530566976,54.31722377360662,1,53
258,Player_2,Team_8,6,Home,8,126.61179610334896,41.260623778119665,46.48629549687189,0,56
259,Player_35,Team_6,6,Home,4,135.90129924373508,38.55601427549508,67.33817232089294,0,48
260,Player_16,Team_6,11,Home,4,140.13736509878075,16.634763850562166,54.353324700096074,0,50
261,Player_36,Team_2,14,Away,6,161.6895916614614,29.850896448499217,49.44430652052072,0,45
262,Player_33,Team_4,4,Home,4,128.44939812984893,34.76793449325288,41.98656473164421,0,55
263,Player_4,Team_7,10,Home,3,149.60292272444738,48.64317098124635,59.84446605278938,0,61
264,Player_33,Team_6,10,Away,11,194.61734466447135,39.247238578942586,59.61666294711363,0,66
265,Player_14,Team_8,13,Away,10,147.54701405526458,23.354342727216984,47.07791093815308,1,42
266,Player_21,Team_2,13,Neutral,3,136.39020422136733,48.95388458451963,32.63670971685855,0,58
267,Player_20,Team_5,2,Away,3,124.41696696143406,32.43779762713889,59.10762189575884,0,50
268,Player_8,Team_2,7,Away,9,136.11336909159343,29.441588630969083,53.131966087389976,1,44
269,Player_7,Team_6,5,Neutral,10,122.27559312781189,28.728818034111878,58.36071167925669,0,46
270,Player_3,Team_3,11,Away,8,145.37322853367544,15.764447619768667,74.57174533639639,1,45
271,Player_17,Team_8,6,Away,4,142.07088277278785,30.902304961838578,54.7316815629094,0,50
272,Player_33,Team_3,2,Away,10,96.75561558164414,36.97485257305658,49.861613831572285,1,41
273,Player_12,Team_7,5,Away,4,139.62883988467865,28.146166724747843,43.5267803235166,0,46
274,Player_22,Team_3,10,Neutral,6,161.52292625280026,36.20452477247559,51.87578208504951,1,65
275,Player_22,Team_7,4,Away,10,132.017762955945,23.356089290858193,56.60577349615641,1,45
276,Player_30,Team_7,9,Away,4,126.94206455176877,30.5907208572238,55.5330742059876,0,49
277,Player_38,Team_6,6,Neutral,8,112.44598453766295,35.16540326608632,72.23465340067102,0,50
278,Player_38,Team_3,2,Home,2,102.84015916751191,33.89660877063421,59.99085565465943,0,62
279,Player_8,Team_7,1,Neutral,5,156.62698534126508,15.945349102809537,53.6519912849279,0,53
280,Player_27,Team_4,5,Home,5,136.3704334084161,27.609940491287716,47.93439421166527,0,54
281,Player_27,Team_5,9,Neutral,8,155.44043124006845,48.77462930312606,57.666727637833205,0,47
282,Player_34,Team_2,6,Neutral,9,170.6264748915894,27.07553925669482,45.92991841617341,0,37
283,Player_21,Team_2,10,Away,2,158.4249536982069,32.15807544111839,56.79831079537907,0,62
284,Player_30,Team_6,12,Home,6,129.15255357122408,31.132442494510556,59.874139269048435,0,62
285,Player_33,Team_3,7,Away,8,142.8973532931511,47.68239758919651,52.83547777228552,0,60
286,Player_28,Team_3,5,Home,5,127.70454269686164,44.903681221946705,48.69713555934858,0,70
287,Player_33,Team_7,10,Neutral,5,125.83423074796674,40.0753099981881,33.14703152665094,0,51
288,Player_5,Team_8,6,Neutral,5,146.85630324805248,22.267576866274663,66.4383672642039,0,41
289,Player_19,Team_1,5,Home,7,123.35412233763655,35.5918304919208,59.03300390245282,0,46
290,Player_4,Team_7,11,Away,8,95.81696761822599,37.679417430751315,59.27617281584782,0,34
291,Player_35,Team_5,9,Away,3,122.23704208545247,25.01395164403946,39.386476642227,0,58
292,Player_17,Team_4,15,Away,6,133.86237702625255,23.29482894152311,68.79838699740057,0,38
293,Player_28,Team_2,6,Away,5,170.42796995663844,49.0501414720703,50.3478313338192,1,73
294,Player_30,Team_7,11,Neutral,4,130.1812510025727,28.991966877830713,52.112046973005135,0,47
295,Player_29,Team_1,8,Neutral,8,150.2384818205855,48.149768189111484,44.30713144581175,0,49
296,Player_6,Team_1,2,Neutral,7,136.6338353207586,41.97093755494534,37.130542686601515,1,47
297,Player_35,Team_7,12,Neutral,8,164.5281028774077,36.07876782375321,66.57346311723566,1,50
298,Player_37,Team_6,13,Neutral,6,163.14192770927917,36.525314363594845,67.86597369397624,1,71
299,Player_24,Team_2,9,Away,7,163.52350210479838,17.99580439669232,53.344718486466725,0,33
300,Player_29,Team_6,5,Away,6,105.32032941165295,34.067747798344165,48.2061543019365,0,68
301,Player_31,Team_4,7,Away,8,144.13448094489988,46.17020412981626,51.22955830865742,1,49
302,Player_35,Team_1,10,Away,3,155.17877200243896,38.81339503185609,51.5038500996445,0,61
303,Player_33,Team_1,13,Neutral,6,147.63077125178663,33.5433668706441,43.00140277820402,0,49
304,Player_21,Team_5,1,Neutral,7,152.73192651643657,49.1193719581703,52.0774478455616,1,59
305,Player_32,Team_4,10,Neutral,7,141.16702008570954,30.14959277339196,56.53101992934325,1,40
306,Player_23,Team_1,5,Home,6,125.10431586546946,25.804443249783155,65.18157247648752,1,56
307,Player_33,Team_4,12,Away,11,106.05805230027497,33.53831916078257,55.14244164013712,1,35
308,Player_3,Team_2,14,Away,8,127.08861142703049,39.66467368111596,39.23648291100564,1,35
309,Player_18,Team_3,10,Neutral,11,193.56219747276785,14.822059041917392,58.53547863198676,0,45
310,Player_25,Team_1,14,Away,9,130.28697647818655,34.848686434904174,52.440694383302464,1,43
311,Player_31,Team_5,2,Away,8,100.81219547818512,40.1034501553631,68.70409693983866,0,65
312,Player_3,Team_2,12,Neutral,6,154.65298721458166,29.30358374703139,69.29457802044007,0,59
313,Player_40,Team_7,6,Home,2,157.1092001736529,43.069647663026416,69.644543122673,1,86
314,Player_24,Team_4,11,Home,6,165.7464878030428,38.4118666241107,49.384120646267206,0,53
315,Player_32,Team_7,1,Home,11,149.4195700741356,53.41383118511077,74.89855073337557,0,65
316,Player_22,Team_6,3,Neutral,3,156.91203028933904,24.49397102418785,58.50942504895707,0,25
317,Player_23,Team_2,5,Away,6,176.80434269683983,40.30709850496089,71.26380405668633,1,56
318,Player_2,Team_7,4,Neutral,6,125.0905301587577,21.826760922025954,49.973803861682406,0,47
319,Player_27,Team_8,3,Neutral,3,121.12298589152564,15.84633548723274,52.01403262390374,1,51
320,Player_2,Team_8,10,Away,6,118.10826920894142,11.64469157182127,57.740273526720856,0,37
321,Player_26,Team_1,13,Home,5,134.68460827012035,37.38324022396927,56.5187760961394,1,62
322,Player_17,Team_4,5,Home,2,168.66844839650338,33.842479139441025,67.5481194346917,1,39
323,Player_40,Team_3,11,Neutral,4,150.5613673549247,27.20948942638246,52.67870681451546,0,52
324,Player_33,Team_2,8,Home,2,149.77383905418435,14.26495666050387,66.64614990310356,0,57
325,Player_9,Team_1,11,Neutral,6,103.61384142670553,25.09613373861324,62.32234507132653,0,57
326,Player_39,Team_5,4,Neutral,5,126.13626345527162,32.04093007675456,52.86607781392851,1,58
327,Player_29,Team_6,1,Away,8,103.28684734275926,39.93169366793098,61.546766174823134,0,47
328,Player_26,Team_4,11,Away,6,163.42491578643086,31.834642497523742,50.26734953166951,1,64
329,Player_35,Team_2,7,Away,11,171.71292985771464,34.52060342705278,78.50205800005722,0,25
330,Player_25,Team_8,8,Neutral,5,155.59133454480764,28.23867619025864,28.35667678925553,1,49
331,Player_24,Team_2,3,Away,3,120.2642790852091,49.492242025271544,61.72943204495039,1,53
332,Player_13,Team_3,6,Home,5,169.6404498723158,21.81750355671772,37.35404090722953,1,59
333,Player_7,Team_8,2,Home,3,134.9349017994958,25.00761782714872,52.74343296781932,1,38
334,Player_36,Team_3,7,Neutral,9,115.71081438494677,27.07641926006487,54.14391910528754,0,58
335,Player_20,Team_5,15,Neutral,4,120.71191490776616,37.42704397976724,70.07633558913685,0,48
336,Player_1,Team_6,8,Away,10,131.39686728816326,21.611402102131194,48.078477879231095,1,48
337,Player_8,Team_5,6,Neutral,5,140.99157040969413,33.35718590547999,68.08011915661778,1,58
338,Player_16,Team_1,6,Neutral,7,136.77311576696414,33.649101434265575,43.21183359775203,0,63
339,Player_14,Team_1,5,Home,11,111.74663163657945,25.0564202926662,68.46669723754866,0,30
340,Player_12,Team_5,8,Home,6,164.26632818371283,35.29979460956857,50.25654558096527,0,60
341,Player_23,Team_6,1,Away,11,136.98788161126313,21.921861012625687,55.73434519241119,0,54
342,Player_15,Team_5,10,Neutral,2,125.72492287458698,20.82925857538254,51.63621336889596,0,46
343,Player_28,Team_6,4,Neutral,10,162.20604723965528,32.99605756521441,67.82363474115604,0,41
344,Player_34,Team_6,15,Home,2,116.33187623466938,15.402444145219373,65.87739843233747,1,47
345,Player_2,Team_7,4,Neutral,9,107.4221963285097,10.551972974497623,59.43501720584525,0,34
346,Player_32,Team_8,3,Home,10,165.4497489319748,37.328333007968006,43.48131615413226,0,52
347,Player_23,Team_4,3,Away,10,177.82775699100677,42.4896994259117,47.84978131969757,0,52
348,Player_22,Team_6,4,Home,2,130.75807962697203,27.33196881307471,44.71423474493875,0,72
349,Player_25,Team_3,11,Neutral,3,139.0805998416571,25.319293479022296,32.518571132078364,1,47
350,Player_22,Team_6,1,Away,2,117.06670570958192,42.0553522597456,67.61318101850046,1,53
351,Player_22,Team_6,14,Home,11,140.10985100486786,20.5446178200108,51.72176473657303,0,52
352,Player_6,Team_6,11,Home,3,130.48589472537606,18.366273752788416,51.61506035707703,1,53
353,Player_15,Team_7,13,Away,11,137.9574311993,39.076364237084874,69.9610223342556,1,37
354,Player_37,Team_8,11,Away,9,148.18516775194485,32.09038186512307,50.24011397613632,1,50
355,Player_33,Team_7,2,Home,6,118.03709043938306,42.64876739290238,46.59529064314069,0,59
356,Player_8,Team_1,9,Neutral,8,132.76377321534866,10.597341212220208,52.752543794850155,1,53
357,Player_5,Team_7,10,Home,3,103.92437156443643,17.99326008881437,43.67330948123104,0,39
358,Player_39,Team_3,2,Away,9,132.90025431773424,32.14332059844156,58.443557692879565,0,57
359,Player_4,Team_3,5,Home,7,138.13131858166,36.176736984837866,51.2633792173583,0,57
360,Player_6,Team_7,9,Away,9,144.57964850122156,40.469970876894585,49.927285894061875,0,39
361,Player_32,Team_8,9,Away,2,144.79153080726417,33.74817768808778,49.06096827979698,0,38
362,Player_30,Team_5,8,Neutral,2,158.07845501473713,33.64655155358569,53.93778506157989,0,74
363,Player_35,Team_4,1,Away,8,109.20666961453361,28.105984569698016,55.83481125519851,0,43
364,Player_40,Team_8,1,Away,9,110.27445940099412,47.90904904904518,49.800249115924785,1,65
365,Player_16,Team_7,9,Neutral,4,150.5791587278504,20.96976544529502,51.41234063904853,1,34
366,Player_13,Team_6,13,Away,6,99.22077445989169,35.59020152555939,54.184771731806514,0,72
367,Player_30,Team_2,11,Neutral,2,143.66600424209986,22.121911654119803,53.17581864460461,1,61
368,Player_19,Team_4,8,Neutral,8,116.39414120820213,37.3477854580501,55.31075966875014,1,51
369,Player_17,Team_4,10,Away,6,171.45629281834363,21.629824306122337,48.23329196751986,1,47
370,Player_19,Team_3,9,Away,9,145.00904815455556,39.43815698500458,65.04592909126491,0,57
371,Player_28,Team_4,7,Home,9,135.61687960573877,33.12104946824517,55.968281774095175,1,65
372,Player_26,Team_7,3,Neutral,10,164.55441754278357,49.44639173258682,49.96153247175123,1,63
373,Player_37,Team_6,3,Home,8,118.73195986858099,29.189803527284145,58.44384217378535,1,57
374,Player_26,Team_6,2,Away,2,122.53180731824384,36.249661162475455,54.256314011812854,0,58
375,Player_23,Team_1,5,Home,4,114.77090332689782,24.2034371953929,37.66173645516332,0,35
376,Player_9,Team_6,12,Neutral,9,122.69921547302013,29.121069935587055,58.409526902216264,0,41
377,Player_12,Team_8,12,Home,4,141.22231218734777,33.05749479444353,44.80493797615813,0,41
378,Player_1,Team_6,3,Neutral,9,149.87903743987442,16.72780077528626,64.34427783231307,0,50
379,Player_1,Team_3,14,Away,2,159.22843370735086,17.82376065815228,52.58250361106553,0,38
380,Player_34,Team_6,6,Away,6,103.50551906198521,37.99859299835645,62.80070297391064,1,36
381,Player_32,Team_1,2,Neutral,5,136.56274027073417,30.539131784683203,48.69781446802393,1,47
382,Player_25,Team_2,12,Away,6,117.83670937618396,26.07073466951978,55.6992926714064,0,45
383,Player_40,Team_7,3,Away,9,135.89425817023798,24.630138195832444,67.10243500506877,1,46
384,Player_1,Team_3,5,Away,11,186.6832716025408,25.015112042763064,52.30983453585178,0,35
385,Player_16,Team_8,12,Away,5,145.8372352400003,33.125507150082285,49.09182901264195,1,36
386,Player_39,Team_2,11,Neutral,5,157.9892994229649,36.4503586411619,61.550406137817895,1,58
387,Player_5,Team_3,11,Home,4,179.21382544322094,11.078927703747759,61.356615967509605,1,49
388,Player_22,Team_5,1,Home,8,162.54716486349517,46.12834056769892,49.51250866585181,1,65
389,Player_29,Team_4,13,Away,4,131.0417104062603,45.41700762941993,35.14538979582238,0,51
390,Player_3,Team_5,1,Home,4,114.48335826860124,8.693452364531005,48.89977022501644,1,56
391,Player_12,Team_6,10,Home,11,139.39711460958299,42.859266963227974,61.77359521686422,0,65
392,Player_26,Team_2,9,Away,6,128.6458843156263,42.552188513310426,47.24965810576276,1,57
393,Player_16,Team_6,7,Away,6,109.50957426761651,32.00445494187545,54.890621629838044,1,47
394,Player_37,Team_4,1,Home,7,144.81849994578937,19.028313781151237,48.42515062033656,1,56
395,Player_22,Team_3,15,Neutral,9,145.31772596118665,42.152280916650724,35.67832837473951,0,48
396,Player_29,Team_4,12,Away,11,175.38233400526573,29.587689337026486,48.24518822960072,1,34
397,Player_14,Team_1,14,Neutral,7,132.76473862326372,37.488788438189566,61.731320206897124,0,61
398,Player_28,Team_4,8,Home,2,145.602427779389,54.192012719617786,31.29747519934188,0,77
399,Player_5,Team_1,3,Away,9,126.6902917061957,34.51836750623619,57.52167350475575,1,71
400,Player_30,Team_4,8,Neutral,9,157.4633886138693,22.83115308281438,43.139307686005864,0,69
401,Player_5,Team_7,15,Away,10,137.5076440761974,28.642690050802784,61.08442069474192,1,35
402,Player_12,Team_1,5,Home,10,116.54816782294515,24.105546397590125,62.143189358736535,0,46
403,Player_16,Team_2,1,Neutral,3,139.73056356669684,36.33489717448523,53.28052065088724,0,80
404,Player_26,Team_6,7,Home,3,147.8104579513,23.939324412501954,53.30331841218778,1,59
405,Player_26,Team_8,5,Home,4,145.10546774827125,27.271485776503567,46.936373028636986,0,59
406,Player_21,Team_6,6,Away,2,160.9179343099174,19.155696255924003,41.54416599895034,0,32
407,Player_39,Team_5,6,Neutral,5,111.03887255918622,30.679129944808565,71.98092906333733,1,54
408,Player_36,Team_6,8,Home,5,123.14514819970117,33.767547933020495,46.34928572828872,0,75
409,Player_33,Team_3,9,Home,10,152.79574663591075,5.152119528825075,70.67796131196472,0,57
410,Player_30,Team_7,2,Neutral,10,125.49462044077858,34.59573561480221,46.40499960199823,0,43
411,Player_37,Team_4,9,Home,10,144.80942498660414,31.542997689032205,60.25190390337728,1,54
412,Player_23,Team_5,12,Home,11,91.60509505176475,24.350080512438726,43.621928403463656,1,38
413,Player_10,Team_3,15,Neutral,8,194.31893144625764,52.28628924269873,60.233950169020154,1,55
414,Player_5,Team_3,11,Neutral,3,134.60562936885327,41.58476527604755,51.74412642846878,0,36
415,Player_36,Team_1,10,Neutral,11,163.87912519976555,21.035975138485988,51.874838393243294,1,47
416,Player_34,Team_6,9,Neutral,6,133.26204348833016,40.3823687957114,61.10023169784451,1,72
417,Player_31,Team_2,13,Away,5,148.29397057461773,44.444980760210576,50.30858634920902,1,61
418,Player_10,Team_8,10,Neutral,9,169.83839292690544,33.32020922617557,40.718515045549026,0,64
419,Player_19,Team_2,15,Away,3,163.3161203841677,35.61442036947325,62.61305563409452,1,66
420,Player_32,Team_5,10,Away,7,135.9109004062955,35.383466669215906,43.54099410017672,1,47
421,Player_1,Team_7,7,Away,6,137.29491349212614,11.141841410767114,60.1651728439791,0,32
422,Player_5,Team_2,1,Home,3,160.0713312036657,30.131304031496008,64.72996545333001,0,53
423,Player_4,Team_4,7,Away,11,186.66488808570602,29.610871580159714,51.24506113647782,1,35
424,Player_16,Team_2,10,Away,2,143.84565348798083,46.301556365598785,66.82352844091784,0,56
425,Player_24,Team_5,5,Home,9,179.14127281083282,35.33727863561873,59.81783707861284,1,34
426,Player_16,Team_8,6,Home,3,135.17171179159587,29.023890378833052,48.04138579855224,1,67
427,Player_2,Team_2,10,Home,8,159.03920727019604,31.098752590089887,69.01429002266075,0,56
428,Player_28,Team_4,7,Neutral,10,162.02311524494573,42.233855816274016,43.58328178260609,0,58
429,Player_32,Team_1,14,Home,10,131.80078992294455,30.154153367546844,51.232995700964345,0,62
430,Player_27,Team_7,15,Home,9,125.05843841396717,25.01804466908391,52.93685196380671,1,55
431,Player_20,Team_5,5,Away,11,162.90778377094705,29.242978070791338,61.05223701018255,0,63
432,Player_24,Team_1,7,Home,10,129.36886125513885,41.40696143822682,66.15433297381135,1,67
433,Player_12,Team_1,9,Neutral,3,122.11300174649195,36.961649055979365,65.52791556902713,0,45
434,Player_35,Team_1,3,Home,7,126.32080996401805,32.44267973349114,57.23748319574306,0,53
435,Player_33,Team_3,8,Neutral,5,129.28773323149176,33.915392994448304,52.197308955364335,0,28
436,Player_33,Team_7,2,Home,5,157.13234209251354,26.40257526404518,36.7401575837237,0,48
437,Player_37,Team_8,11,Home,6,150.30085346552374,30.060505995573465,41.858541455447835,1,56
438,Player_12,Team_6,7,Home,4,154.31316489515783,25.366956782254828,72.66655489291435,0,61
439,Player_3,Team_7,13,Home,2,148.42759622196166,29.052207157002563,36.639280124974604,0,49
440,Player_1,Team_3,2,Neutral,9,128.12319675506723,45.46178263626625,47.1550935675789,0,42
441,Player_33,Team_6,15,Neutral,6,153.94205711816545,21.221281886228102,66.4460628205009,0,27
442,Player_40,Team_7,14,Away,4,163.64907653210608,25.112823335770848,57.097132991973666,0,41
443,Player_10,Team_1,4,Neutral,11,151.69006432238618,19.457011370642483,64.28045071005693,1,67
444,Player_29,Team_5,7,Home,8,148.993118132517,17.290912428124017,60.42828351270676,0,53
445,Player_13,Team_6,3,Away,8,124.65890986858648,30.132280858047086,69.69582537360887,0,55
446,Player_12,Team_4,2,Away,2,144.23634157948956,25.823908181992135,57.954272865648846,0,41
447,Player_31,Team_4,11,Away,10,123.59517341102597,49.61688930792192,61.63447729151511,1,39
448,Player_2,Team_2,10,Home,3,139.51944283838793,29.171534538222065,47.757534679416594,0,44
449,Player_35,Team_6,7,Neutral,6,107.19466721549368,44.89396863430024,60.863329755781365,0,52
450,Player_23,Team_5,1,Home,6,107.34883194015814,41.680064749406334,51.03873902010771,1,43
451,Player_17,Team_8,14,Away,9,136.1790462010594,29.910458447759858,50.468941320192876,0,34
452,Player_26,Team_3,15,Home,9,129.03120656346022,53.10135582085623,63.94723514647138,0,55
453,Player_8,Team_1,8,Home,8,142.13574386948346,34.685339864648085,64.01623376059364,0,43
454,Player_29,Team_2,3,Neutral,8,137.30462841769761,47.13009266003989,71.88442155746131,1,39
455,Player_26,Team_4,12,Neutral,7,140.6038157442031,45.96596891581264,71.232631854862,0,57
456,Player_10,Team_3,12,Away,7,152.17214884713482,36.14647985104783,64.17315161358775,1,54
457,Player_26,Team_3,13,Home,10,130.73462088678335,39.51130847805851,37.795543897632875,0,63
458,Player_34,Team_1,2,Home,7,135.61112376710275,38.24071415119476,73.27680982949695,0,48
459,Player_7,Team_8,3,Neutral,3,169.10042445526327,20.557385686082917,64.17967670666363,0,58
460,Player_4,Team_8,5,Home,3,140.06168253650054,32.57290354453016,47.34139909913697,0,74
461,Player_11,Team_6,11,Home,6,136.41579050749223,42.74247233944661,62.28909155562782,1,66
462,Player_29,Team_4,8,Home,5,141.65025398646378,47.26186317361662,44.62734259037272,0,57
463,Player_36,Team_8,10,Neutral,3,136.7727125398094,24.793603281680504,61.18630120109742,0,50
464,Player_25,Team_5,7,Away,4,125.80855414093551,37.2883130181302,41.837299589259004,0,44
465,Player_21,Team_8,7,Away,8,120.03940325640559,33.50870213277535,46.917815912133634,1,42
466,Player_36,Team_3,12,Home,9,124.7313731969999,30.821259354184043,62.09929129200527,0,59
467,Player_10,Team_1,7,Away,7,157.45838373541574,35.560026292250264,65.72886742992894,1,53
468,Player_37,Team_5,15,Neutral,6,127.40189490563175,34.179974106661376,58.2543685943381,0,61
469,Player_9,Team_6,8,Neutral,2,136.90150796327447,37.41407568872588,52.13831363312029,0,50
470,Player_24,Team_4,1,Away,9,154.01472570265796,46.417167609500524,33.85133704983009,0,51
471,Player_35,Team_6,4,Away,4,134.43217658378043,39.841275908647006,52.9097890034864,0,47
472,Player_35,Team_3,13,Home,7,152.66722629687305,35.10591258872703,60.334850768245275,0,45
473,Player_36,Team_5,6,Away,4,109.18413915138267,50.64625056823079,51.83234894064353,0,63
474,Player_18,Team_5,9,Home,8,137.34966640916207,43.09929595880336,54.774220589055815,1,85
475,Player_39,Team_5,13,Home,8,141.57792193197017,31.076015613966515,53.143825320820795,1,54
476,Player_32,Team_3,2,Neutral,10,140.46277446196336,19.82879597647095,51.782937821785666,1,41
477,Player_24,Team_3,1,Neutral,6,106.94162604322233,22.121693190795344,55.758773899598125,0,38
478,Player_23,Team_6,13,Neutral,9,164.0622529286161,41.33232448315634,52.27305417847539,0,46
479,Player_32,Team_2,10,Neutral,11,122.90654110057167,25.696875207470185,69.43289553631942,0,59
480,Player_37,Team_6,12,Away,11,146.70074250524934,21.91944522888052,32.93581151616267,1,38
481,Player_12,Team_4,14,Neutral,9,140.1592856529466,24.419146733128006,49.54157414028923,1,42
482,Player_13,Team_1,2,Away,2,160.07419047621354,25.126156879093,46.29743776482775,0,38
483,Player_23,Team_5,7,Neutral,6,183.74977658748412,40.50647667782251,57.1911060003441,0,60
484,Player_25,Team_2,3,Away,4,114.19271030914328,30.43257924217724,55.771447858831266,0,47
485,Player_35,Team_1,10,Home,2,127.02172237455002,18.276253997005945,71.22193101549429,0,40
486,Player_30,Team_2,2,Away,5,143.78184987678105,32.310448977623565,74.51142048297794,0,41
487,Player_17,Team_8,14,Away,9,117.89293364894417,34.22266132448242,47.26916544429519,0,60
488,Player_20,Team_8,11,Neutral,4,155.6436521591152,27.206631385591486,55.00500065033629,1,54
489,Player_25,Team_7,7,Away,11,156.86745244314116,43.558850841927,56.96304416924355,0,52
490,Player_22,Team_8,13,Home,3,151.18898151990075,27.790611143077154,47.02186251662664,0,57
491,Player_13,Team_6,13,Home,10,144.73163501752396,43.0833768663715,61.283820360376225,1,75
492,Player_19,Team_8,2,Neutral,11,167.39417555939562,37.967827796749766,52.60492631235056,0,42
493,Player_36,Team_3,3,Home,6,116.88749036662276,41.26605508044407,44.32365149399022,0,55
494,Player_12,Team_5,11,Away,8,141.30536390685106,21.01449159193605,52.20431695733457,0,40
495,Player_19,Team_6,7,Home,3,125.22394262539557,32.983101922381024,45.02325427259351,0,40
496,Player_12,Team_1,14,Neutral,10,157.79832665130337,31.47171995425231,65.36646829419256,0,38
497,Player_9,Team_7,4,Away,10,103.33317670987134,17.779934750924667,74.0155925511367,1,53
498,Player_7,Team_7,13,Neutral,5,139.4383226881404,43.05060729802909,57.44819373894539,0,62
499,Player_28,Team_7,14,Away,5,146.70477374139898,23.825991030926502,56.112767680532755,0,54
500,Player_14,Team_1,1,Home,7,121.05015730052452,25.904321711640172,56.52434766874186,1,51
501,Player_31,Team_1,13,Neutral,11,127.47619935556867,21.86684164402274,66.82234028938315,0,36
502,Player_19,Team_1,14,Neutral,11,140.30757962744212,39.011863260703734,66.60699003597183,1,35
503,Player_16,Team_1,5,Away,11,159.10192758882954,16.740702812274044,53.84346431451769,1,54
504,Player_5,Team_7,12,Neutral,7,119.34261542825892,38.17874800464568,57.52589927379091,0,61
505,Player_35,Team_7,9,Away,2,122.83100119250628,42.44513986243461,61.52646407177078,1,68
506,Player_12,Team_2,8,Away,10,162.51175542080688,37.37178427625761,43.623125434492664,0,66
507,Player_25,Team_6,12,Away,3,134.5404920016033,39.12628483846429,67.12608237420457,1,60
508,Player_21,Team_5,15,Away,6,124.44921920310045,39.59546469578043,72.34831891227228,0,64
509,Player_36,Team_8,9,Home,10,154.5736959443383,22.50575673274236,66.65032104839457,1,53
510,Player_23,Team_8,10,Away,5,130.23606005535507,46.34734979664344,42.54406088385445,1,40
511,Player_16,Team_3,14,Neutral,4,160.5484307067755,27.399237458665013,35.29999544581126,0,58
512,Player_39,Team_7,9,Home,8,126.72559246040575,31.33612382410028,62.087186735179316,0,35
513,Player_39,Team_3,15,Neutral,7,136.8081087635001,28.67362681649041,47.39810551037914,1,52
514,Player_14,Team_6,7,Home,9,158.89943330777464,36.9154212087731,57.87133354122986,1,71
515,Player_31,Team_6,4,Away,4,135.47478257652497,26.619627568625777,70.35148720007548,0,51
516,Player_5,Team_3,5,Home,6,155.12106644157294,32.669157242373686,48.4304482360159,1,85
517,Player_35,Team_7,1,Home,11,138.68904786437992,19.64656182853995,51.2244534359104,0,30
518,Player_23,Team_3,14,Neutral,5,179.63383612800058,43.64665208501572,57.76722972588316,0,56
519,Player_29,Team_8,1,Neutral,5,171.37557208205698,38.70740945950203,42.024903600177694,0,57
520,Player_11,Team_2,3,Away,5,113.43807475132505,29.077402380982306,47.421438039941236,0,33
521,Player_18,Team_8,13,Home,11,150.4448736249602,27.308509699741897,55.248575037512694,1,43
522,Player_12,Team_4,14,Home,9,123.67192027797917,38.44628246317697,51.995451311822485,0,46
523,Player_9,Team_7,8,Home,7,143.8301387758546,24.927066193640382,61.084077537992265,1,46
524,Player_10,Team_7,14,Away,4,141.36741258620523,33.25365315765169,82.65979614439267,0,48
525,Player_17,Team_5,2,Away,11,118.89225965815025,43.61398787431406,55.99138339418125,0,43
526,Player_38,Team_1,4,Away,6,161.1696908706065,23.887428808628076,46.58288053961991,0,50
527,Player_7,Team_4,2,Away,7,144.0660588713815,35.68600829120203,69.18240354757565,0,57
528,Player_13,Team_6,14,Away,6,134.30633928654834,35.157252669354925,39.11181524679779,0,54
529,Player_40,Team_7,5,Neutral,7,131.2378035151281,31.02663181337317,41.11091828970893,0,45
530,Player_9,Team_3,9,Home,9,142.7955393953247,26.962104158960635,49.04896561352277,0,55
531,Player_27,Team_4,1,Home,8,148.15850035028572,44.14797056894385,52.171132794803746,0,72
532,Player_2,Team_5,5,Home,6,137.50048427283468,26.024313642330338,48.80927263482791,0,59
533,Player_5,Team_6,14,Home,11,90.0,13.8796109887038,54.68487675576977,0,59
534,Player_29,Team_1,15,Home,7,140.33781432484966,38.405335916310335,57.74741902746345,1,71
535,Player_37,Team_1,9,Home,5,111.17035876780446,19.98696650232166,65.68959535275138,1,71
536,Player_38,Team_5,15,Home,10,135.81094868701848,38.91881144855087,55.911882738437825,0,30
537,Player_19,Team_5,1,Home,5,111.90871485860717,45.34903247843444,49.380537523048986,0,62
538,Player_8,Team_3,9,Neutral,2,111.67004729841065,38.29749878398674,65.14645386439412,0,49
539,Player_1,Team_7,8,Home,8,164.70243643897055,42.71411301887491,46.82284524269869,1,64
540,Player_22,Team_1,4,Neutral,8,133.5981603811122,52.200491069296476,38.673972543126766,0,49
541,Player_17,Team_6,12,Away,5,132.06675680356165,41.66760462608947,67.05956017904542,0,55
542,Player_7,Team_4,11,Home,4,149.65048097657183,35.305733926254355,66.41853244810972,0,41
543,Player_25,Team_6,10,Away,9,132.58818953855095,48.339481835236484,47.07701607795894,0,56
544,Player_4,Team_2,5,Away,6,182.0761218425482,49.54775544846585,51.00901146179074,0,51
545,Player_36,Team_2,13,Away,11,134.5396047854796,49.6877178325942,45.83072454670071,1,50
546,Player_6,Team_5,5,Neutral,8,147.3025082396602,27.078564848039974,58.26624217565134,0,52
547,Player_31,Team_3,11,Away,5,159.41882662753721,18.459816415015958,72.32049291368082,0,45
548,Player_19,Team_2,12,Away,5,172.0450645121382,26.468078165651132,62.02881798595122,0,59
549,Player_39,Team_1,6,Away,9,125.1598772868472,39.036416157931754,65.35724642583033,0,39
550,Player_27,Team_6,7,Home,9,131.6407299232271,33.591589453321056,63.19728331691012,1,58
551,Player_10,Team_6,8,Home,3,165.4918375058703,29.93519014823153,54.99880851440906,0,68
552,Player_26,Team_5,15,Neutral,3,156.20124608105382,37.60481398804936,65.83340437911316,1,62
553,Player_19,Team_7,14,Neutral,4,161.50351871336917,17.291949183267327,62.450305629127996,0,50
554,Player_39,Team_7,8,Home,4,112.62590912880663,33.41169298691541,69.39445715153136,0,67
555,Player_3,Team_4,11,Neutral,2,170.95999507848038,43.184576448478765,50.404510588382436,1,59
556,Player_13,Team_5,14,Home,4,124.7718491343039,37.49315644558229,37.618883604546134,0,51
557,Player_28,Team_8,13,Away,7,143.84585956283792,38.918098218337285,65.45251014873078,1,59
558,Player_20,Team_4,2,Away,9,137.0355424481646,47.973727899525144,58.497695206060584,0,52
559,Player_28,Team_8,9,Neutral,11,122.4303432690386,31.33856715126333,52.03953899678764,1,61
560,Player_8,Team_7,7,Home,7,111.74928473157993,25.469083386496635,52.59847187692509,0,55
561,Player_39,Team_5,4,Home,6,105.12303766734205,43.89515042665042,80.54686325902117,0,53
562,Player_1,Team_8,4,Neutral,5,142.3803681210795,43.71120631033927,48.57805347465729,1,64
563,Player_3,Team_5,11,Home,4,109.49361819533088,37.58291674755797,46.466966931736664,1,52
564,Player_13,Team_5,8,Away,5,117.32368809826234,30.39628999417552,55.85284233493352,1,60
565,Player_28,Team_7,4,Neutral,8,135.63928243603561,32.01379651007985,66.80490877972962,1,39
566,Player_25,Team_4,13,Neutral,2,90.0,19.232270478689134,77.78401986529228,1,59
567,Player_33,Team_4,15,Home,8,155.57959424088003,43.12946530207203,61.57364963389571,0,62
568,Player_38,Team_5,6,Neutral,2,91.80223665786384,42.776513095291435,42.2959125602057,0,52
569,Player_6,Team_2,5,Home,3,138.45255217334454,18.88317249533216,74.70864270717799,0,61
570,Player_32,Team_3,3,Home,5,140.30038453188578,40.67632083906136,54.80531300922903,0,66
571,Player_21,Team_7,13,Home,2,150.7612344036362,36.041016550090085,46.622905681050305,0,73
572,Player_16,Team_3,14,Home,10,139.16638395220212,21.780258896092036,44.20607542900646,0,62
573,Player_21,Team_3,10,Home,7,180.35815927666476,19.939997989275305,63.36328719335456,0,57
574,Player_11,Team_4,11,Neutral,2,144.32633763137002,35.734932694017225,57.38829386186414,1,49
575,Player_37,Team_4,2,Away,2,161.0722479848732,28.02295886093082,58.45075376945851,0,46
576,Player_36,Team_2,9,Away,7,125.53074382259425,50.1994885054967,67.86503119071931,0,53
577,Player_35,Team_3,10,Neutral,5,142.41513612378935,41.52598394648906,46.97845408490356,0,65
578,Player_19,Team_3,9,Neutral,5,170.95140190057853,36.73693136732227,68.66154628273648,1,54
579,Player_20,Team_5,1,Away,7,135.24609750620718,37.23079004002395,49.8084267720631,1,51
580,Player_18,Team_4,10,Away,8,143.84469528390463,45.30867180367167,76.64007373912357,0,71
581,Player_14,Team_3,3,Away,10,159.61706898274952,40.46518091727338,60.9873901599314,0,51
582,Player_15,Team_6,8,Away,11,125.15540959616732,36.997664384960224,45.79761470223623,0,40
583,Player_31,Team_2,6,Away,6,96.76879333361613,22.1973882370249,34.7458191667952,0,49
584,Player_1,Team_8,5,Home,10,145.11147307424739,62.619469654062186,63.089247222790114,0,66
585,Player_3,Team_6,5,Neutral,5,159.77338338716004,20.96817242691767,51.25819724009816,0,34
586,Player_16,Team_6,6,Home,11,112.97108470216057,28.874572628998354,53.44434305478165,0,61
587,Player_23,Team_8,15,Away,3,153.40439794554678,15.452717235900025,62.66196009174107,0,35
588,Player_11,Team_7,7,Away,4,153.53932774679075,37.38798158769262,65.10413826250655,1,57
589,Player_12,Team_7,1,Away,2,94.53007481769392,33.511104372848074,67.23710340669291,1,52
590,Player_10,Team_2,9,Home,7,121.27422735186455,39.6527643836476,43.25158691617064,0,59
591,Player_32,Team_6,3,Home,7,132.08342438536675,14.609343688955661,69.2589474962459,0,27
592,Player_16,Team_3,4,Away,2,136.40751999529525,43.129056673809316,49.20954663831851,0,52
593,Player_8,Team_4,10,Home,4,125.13731470464032,23.925645985303852,32.437500652517734,0,64
594,Player_38,Team_2,1,Home,6,124.05994392835636,30.509948006361345,43.21559653139954,1,72
595,Player_12,Team_5,13,Away,4,173.42965782364183,41.31571268681064,57.18025092132565,0,45
596,Player_24,Team_8,11,Home,11,137.84881736282182,34.612666841319,45.21185753918861,1,67
597,Player_28,Team_6,10,Neutral,4,126.09912679700521,35.31942556666864,54.11955530823956,0,44
598,Player_8,Team_2,3,Neutral,11,139.176610461749,39.99178819905399,58.382524875291786,1,51
599,Player_28,Team_1,2,Neutral,4,150.74181666122288,36.28790639938724,53.18614596890714,0,52
600,Player_36,Team_1,2,Neutral,6,141.03252753422416,28.588920974512828,50.05645662143283,1,55
