game_date,opponent_popularity_1_10,weekday,days_to_game,discount_pct,price,tickets_sold
2024-11-17,8,6,58,10,485.46,500
2024-10-05,4,5,50,15,382.82,500
2024-04-07,4,6,6,0,445.88,506
2024-04-02,6,1,26,10,369.36,3101
2024-10-25,2,4,11,5,346.71,500
2024-09-08,9,6,42,5,530.81,500
2024-06-11,8,1,1,0,483.14,4832
2024-06-06,2,3,34,20,302.45,500
2024-03-07,1,3,21,10,272.98,500
2024-05-17,10,4,10,10,543.19,500
2025-01-18,4,5,5,0,490.63,500
2024-11-07,4,3,26,10,387.22,500
2024-10-16,2,2,44,20,263.85,1651
2024-03-05,5,1,19,0,442.2,500
2024-09-18,3,2,21,20,306.45,3535
2024-07-16,3,1,57,5,335.69,500
2024-06-19,10,2,34,20,465.66,1948
2024-01-16,3,1,29,10,337.49,500
2024-07-09,4,1,38,0,326.45,500
2025-01-23,5,3,15,5,445.88,500
2024-01-25,4,3,40,0,445.28,500
2024-09-06,9,4,16,0,523.08,500
2024-01-27,4,5,51,10,412.75,500
2024-06-18,7,1,18,0,485.35,500
2024-04-26,10,4,59,20,428.59,1221
2025-01-14,5,1,49,15,429.32,500
2024-02-24,10,5,1,20,457.19,2982
2024-12-28,9,5,11,10,509.88,667
2024-01-26,9,4,36,5,466.88,500
2024-09-28,8,5,32,0,565.69,500
2024-12-30,6,0,28,5,447.23,500
2024-04-17,6,2,6,10,428.25,2571
2024-03-30,2,5,7,15,300.38,2693
2024-12-22,7,6,40,0,523.28,500
2025-02-15,9,5,24,5,547.97,500
2025-02-17,9,0,10,10,436.96,500
2025-01-16,2,3,30,10,325.54,500
2024-05-01,9,2,17,0,505.59,500
2024-12-10,7,1,44,5,442.75,1666
2024-08-30,5,4,8,15,375.98,1309
2025-02-06,5,3,12,15,366.32,782
2024-09-25,6,2,26,5,406.32,2322
2024-09-08,8,6,17,20,404.77,2321
2024-03-15,2,4,35,15,293.31,500
2024-04-21,3,6,46,10,379.55,500
2024-05-30,10,3,44,5,522.91,500
2024-09-26,7,3,5,10,424.09,500
2024-04-07,3,6,45,0,408.09,500
2024-12-25,1,2,11,5,349.68,500
2024-09-11,6,2,16,5,432.89,500
2025-02-10,7,0,58,0,481.08,500
2024-06-16,9,6,42,20,446.7,500
2024-09-06,1,4,30,0,312.22,500
2024-11-15,9,4,56,0,581.47,500
2024-09-02,10,0,40,5,538.55,500
2024-07-31,7,2,6,10,448.48,500
2024-10-02,8,2,20,0,475.97,500
2025-02-19,3,2,20,0,404.67,500
2024-11-29,5,4,24,0,394.92,500
2024-10-06,3,6,27,0,425.01,500
2024-02-15,7,3,3,0,478.31,500
2024-01-18,2,3,24,5,370.18,500
2025-01-01,6,2,52,0,435.09,500
2024-09-02,10,0,10,0,566.77,670
2024-12-15,2,6,25,10,361.6,500
2024-08-07,9,2,28,5,476.86,500
2024-06-24,6,0,18,5,442.8,500
2025-02-01,5,5,42,0,460.5,500
2024-08-21,6,2,45,0,448.74,500
2024-05-28,6,1,14,15,373.1,3856
2024-04-07,6,6,1,0,491.81,500
2024-01-05,10,4,20,20,441.01,3496
2025-01-18,6,5,47,5,480.6,500
2024-06-07,9,4,25,5,507.91,500
2024-03-27,7,2,12,15,426.19,1450
2024-08-18,1,6,48,20,311.82,980
2024-04-29,10,0,39,5,565.26,500
2024-06-20,9,3,46,0,545.58,500
2024-03-04,6,0,9,5,431.6,500
2024-04-03,10,2,9,10,525.58,500
2024-06-18,8,1,42,20,403.02,2067
2024-08-22,3,3,41,5,364.51,500
2024-04-30,3,1,25,0,299.36,500
2024-04-09,9,1,30,10,448.2,500
2024-05-14,9,1,48,0,545.99,500
2024-11-10,5,6,55,5,479.98,500
2024-03-09,5,5,40,5,457.1,500
2024-07-16,3,1,28,0,393.25,500
2024-10-31,7,3,2,20,396.15,500
2024-07-24,7,2,25,5,452.29,500
2024-01-11,3,3,18,15,294.84,5426
2024-12-22,8,6,24,5,531.25,500
2024-05-09,6,3,18,15,350.93,500
2024-08-10,3,5,27,5,408.27,500
2024-04-19,6,4,44,20,394.08,1848
2024-01-27,1,5,56,10,336.28,500
2025-02-03,6,0,35,0,465.76,500
2024-11-15,7,4,34,0,507.66,500
2024-07-12,4,4,38,20,316.49,3845
2024-12-11,4,2,6,10,400.34,3171
2024-01-16,3,1,49,0,405.71,500
2024-03-13,5,2,16,10,386.19,500
2024-04-25,1,3,23,0,259.1,1190
2024-07-19,6,4,28,15,379.9,500
2024-05-12,2,6,13,10,347.94,2826
2024-06-12,4,2,12,0,409.73,500
2024-01-07,6,6,11,0,533.79,500
2024-03-01,6,4,47,5,456.58,500
2024-12-17,10,1,49,20,445.43,1645
2025-02-16,7,6,52,10,456.64,500
2024-04-29,1,0,22,15,229.55,1879
2025-02-17,6,0,31,5,449.37,500
2024-01-31,9,2,56,5,509.15,500
2024-02-17,8,5,27,15,485.08,2129
2024-03-31,8,6,27,5,523.77,500
2024-01-06,6,5,40,0,473.2,500
2024-10-11,4,4,26,0,415.23,500
2025-01-27,1,0,7,10,301.93,2985
2024-03-24,5,6,11,5,470.6,500
2025-01-04,5,5,53,5,434.57,500
2024-05-18,7,5,22,10,447.42,1392
2024-10-01,1,1,40,10,297.71,500
2024-11-25,6,0,19,0,449.4,500
2024-05-12,7,6,38,5,474.8,500
2024-04-12,1,4,20,15,262.94,5411
2024-11-21,3,3,19,20,330.93,500
2024-04-04,10,3,19,0,549.2,961
2024-01-18,9,3,36,0,560.55,500
2024-01-21,8,6,54,0,605.59,500
2025-02-02,10,6,47,0,585.46,500
2024-01-06,6,5,27,5,447.44,500
2024-01-24,8,2,17,5,448.21,588
2024-08-12,2,0,18,5,365.61,500
2024-02-29,7,3,20,10,426.12,5023
2024-10-10,2,3,44,0,355.64,500
2024-08-07,3,2,42,10,330.29,2267
2024-11-25,2,0,41,0,349.66,500
2024-10-05,5,5,8,0,546.4,500
2024-11-30,10,5,58,15,487.73,730
2024-02-15,5,3,40,0,366.71,500
2025-01-02,6,3,11,0,450.78,500
2024-10-19,6,5,55,10,428.99,500
2024-05-21,7,1,30,10,448.46,3641
2024-10-30,8,2,12,0,502.61,500
2024-03-18,4,0,54,0,436.86,500
2024-07-17,9,2,23,10,419.85,2814
2024-04-24,3,2,6,20,315.77,500
2024-02-05,5,0,35,20,374.97,500
2024-02-29,3,3,15,20,292.54,5349
2024-09-01,2,6,38,5,361.22,500
2024-03-19,5,1,28,0,414.17,500
2025-01-03,9,4,7,0,511.13,500
2024-07-09,6,1,6,0,485.45,500
2024-04-06,4,5,27,0,414.61,1122
2025-01-01,7,2,2,10,446.14,1553
2024-10-30,10,2,6,5,481.3,500
2025-01-10,5,4,32,0,389.57,500
2024-05-29,7,2,29,10,432.36,2068
2024-02-12,2,0,34,0,319.8,500
2024-10-23,2,2,1,5,302.6,500
2025-02-04,9,1,15,10,506.35,993
2024-11-14,4,3,10,0,416.14,500
2024-08-05,1,0,10,15,278.72,500
2024-07-25,9,3,10,20,436.54,4659
2024-05-25,1,5,37,5,308.22,1071
2024-11-23,2,5,32,10,326.73,500
2024-09-15,9,6,36,5,544.68,500
2024-02-23,3,4,25,20,265.95,2088
2024-04-28,1,6,15,0,323.48,500
2024-08-30,3,4,9,15,311.14,970
2024-05-21,9,1,16,10,478.36,500
2024-10-16,2,2,41,15,292.6,500
2024-05-06,5,0,19,20,318.88,5057
2024-08-12,1,0,46,5,285.06,500
2025-01-16,10,3,58,0,543.54,500
2024-08-16,1,4,44,15,296.01,500
2024-08-28,7,2,12,15,443.15,500
2024-09-13,10,4,35,10,497.59,500
2024-09-01,10,6,51,15,452.88,5010
2024-06-24,3,0,43,10,361.83,500
2024-12-20,1,4,58,20,276.45,500
2024-01-10,1,2,5,10,278.12,500
2024-03-23,5,5,38,5,436.39,500
2024-05-18,3,5,6,10,412.88,500
2024-04-28,4,6,51,0,488.16,500
2024-05-06,6,0,14,5,405.37,500
2024-04-08,2,0,48,15,354.54,500
2024-03-06,7,2,12,0,489.52,500
2024-09-15,5,6,50,5,514.1,500
2024-05-22,8,2,22,5,437.3,500
2024-02-28,4,2,45,0,384.74,500
2024-08-31,8,5,52,10,428.03,5235
2024-12-26,4,3,41,5,374.9,500
2024-07-10,5,2,50,15,382.78,1151
2024-12-13,3,4,4,0,430.67,500
2024-05-09,4,3,43,5,360.01,500
2024-06-06,9,3,59,0,536.02,500
2024-06-14,5,4,18,0,416.31,500
2024-09-17,4,1,53,15,358.49,500
2025-01-24,4,4,31,0,396.35,500
2024-05-12,7,6,35,0,507.16,500
2024-01-12,2,4,4,5,283.01,2686
2024-05-11,4,5,9,15,381.57,500
2025-02-11,3,1,45,10,377.35,500
2024-06-01,7,5,15,15,405.71,500
2024-10-08,4,1,42,0,427.72,500
2024-02-24,8,5,59,10,488.48,500
2024-09-12,5,3,21,5,344.88,500
2024-05-05,9,6,32,15,471.72,500
2024-02-15,9,3,9,10,465.31,734
2024-06-22,3,5,48,5,406.96,500
2024-10-25,9,4,32,10,487.56,500
2025-02-20,4,3,16,5,383.98,500
2024-01-21,9,6,45,5,556.62,500
2024-09-11,2,2,5,10,290.68,1864
2024-06-13,5,3,42,0,419.57,827
2024-09-24,6,1,31,0,445.62,500
2024-04-10,3,2,25,0,410.1,500
2024-05-28,2,1,56,15,250.63,3728
2024-05-20,1,0,1,20,274.46,3727
2025-01-07,7,1,3,5,494.13,500
2024-02-02,4,4,21,0,403.82,500
2024-08-23,8,4,28,0,599.57,500
2024-07-16,8,1,3,5,461.14,500
2024-08-22,8,3,42,5,471.09,500
2024-11-27,2,2,32,0,333.35,500
2024-04-29,5,0,32,15,355.6,3813
2024-06-06,8,3,49,5,492.84,500
2024-02-06,10,1,30,0,539.03,500
2024-12-03,2,1,59,0,325.34,500
2024-05-23,2,3,50,5,287.15,3185
2024-02-14,1,2,13,0,320.34,500
2024-07-17,6,2,34,10,404.47,1706
2024-08-25,5,6,48,5,433.1,1276
2024-05-08,1,2,4,20,313.38,500
2024-06-29,8,5,54,5,531.5,500
2024-01-28,8,6,18,10,471.5,1150
2024-10-26,5,5,32,15,413.39,500
2024-03-07,3,3,14,0,399.67,500
2024-08-29,8,3,32,5,474.86,500
2024-12-28,3,5,6,0,402.66,500
2024-08-31,4,5,43,5,390.17,500
2024-06-15,7,5,17,5,528.37,500
2024-09-22,7,6,8,5,484.66,500
2024-02-20,4,1,35,0,394.29,716
2024-04-18,9,3,24,5,530.5,500
2025-02-01,6,5,3,15,417.35,500
2024-11-30,8,5,17,20,491.05,500
2024-05-13,7,0,36,0,459.22,500
2024-06-15,4,5,51,0,428.87,500
2024-03-20,2,2,40,0,328.92,500
2024-12-03,2,1,17,0,325.09,2122
2024-04-08,8,0,57,0,512.17,500
2024-06-01,8,5,59,10,505.14,500
2025-01-10,1,4,30,0,313.55,500
2024-10-15,1,1,25,0,326.25,500
2024-03-23,4,5,22,10,401.7,761
2024-04-11,1,3,37,5,345.61,500
2024-11-26,10,1,11,5,505.24,500
2025-01-10,1,4,12,0,330.33,500
2024-08-18,10,6,21,10,542.67,500
2024-09-08,5,6,15,15,405.7,500
2024-12-23,1,0,12,10,294.52,500
2024-11-16,10,5,22,10,558.62,500
2024-01-25,6,3,39,5,407.7,844
2024-02-26,4,0,56,0,394.83,500
2025-02-19,10,2,35,5,505.67,1328
2024-10-28,5,0,42,20,324.19,3413
2024-04-09,9,1,16,10,475.65,500
2025-01-22,2,2,33,5,360.8,500
2024-04-28,3,6,53,10,352.37,500
2024-05-30,3,3,43,10,362.34,500
2024-03-20,9,2,49,20,412.03,5234
2024-11-26,3,1,14,0,346.27,2100
2024-05-29,10,2,18,15,450.61,3782
2024-12-24,5,1,44,10,408.36,1463
2024-05-05,6,6,16,0,458.85,702
2024-10-15,6,1,40,5,484.67,500
2024-02-10,6,5,3,5,469.46,500
2024-07-08,1,0,43,0,274.07,2498
2024-03-03,6,6,26,10,413.0,500
2024-07-23,1,1,15,0,349.71,500
2024-12-06,6,4,36,5,385.94,4109
2024-07-22,10,0,27,5,541.35,500
2024-06-27,6,3,48,5,394.16,1663
2024-12-11,3,2,54,15,328.1,500
2024-11-16,3,5,56,15,386.34,500
2024-04-14,6,6,17,15,426.16,500
2024-11-08,2,4,14,10,338.01,500
2024-03-26,5,1,2,10,402.12,500
2025-02-14,10,4,27,5,489.99,500
2024-11-23,3,5,54,10,340.82,500
2024-09-07,5,5,47,0,412.15,577
2024-12-03,3,1,24,5,365.07,500
2024-01-04,2,3,40,10,312.29,500
2024-11-16,4,5,45,15,348.57,500
2024-07-02,5,1,35,0,435.02,500
2024-06-29,6,5,4,0,538.2,500
2024-10-26,2,5,26,0,410.71,500
2024-01-16,3,1,36,20,332.94,2223
2024-04-03,3,2,4,0,363.42,500
2024-10-05,6,5,34,20,396.2,500
2025-02-18,1,1,13,20,267.67,500
2024-06-04,7,1,54,15,425.33,1680
2024-12-22,8,6,40,15,419.92,1290
2024-01-16,7,1,41,20,416.08,2596
2024-02-10,4,5,1,0,447.05,500
2024-05-16,7,3,1,0,514.18,500
2024-09-14,1,5,9,15,337.16,1607
2024-12-31,8,1,11,0,435.87,2155
2024-02-12,10,0,16,0,560.01,500
2024-03-06,10,2,29,0,564.74,500
2024-12-17,3,1,36,5,350.06,1045
2024-07-26,9,4,15,5,499.02,500
2024-09-01,1,6,59,0,338.61,500
2024-08-30,6,4,39,5,423.09,500
2024-03-17,1,6,2,10,319.59,859
2024-08-06,8,1,10,20,387.6,7804
2025-01-15,3,2,49,0,364.02,500
2024-08-10,4,5,11,0,369.18,528
2024-12-18,6,2,30,5,412.71,500
2024-01-21,4,6,23,20,330.17,1856
2024-05-26,8,6,22,0,515.01,500
2025-01-02,9,3,51,0,483.57,500
2024-11-08,5,4,42,0,418.03,500
2024-03-17,1,6,36,10,304.55,500
2024-11-11,8,0,29,5,449.33,500
2025-02-06,2,3,45,15,300.6,500
2024-12-20,6,4,32,10,448.94,500
2024-02-04,6,6,33,10,444.57,1776
2024-05-05,7,6,39,0,547.16,500
2025-02-20,9,3,9,10,469.9,1598
2024-11-18,1,0,1,10,359.35,500
2024-08-19,10,0,18,0,516.34,500
2024-03-27,8,2,50,10,396.19,500
2024-10-30,5,2,48,5,429.26,500
2024-07-06,6,5,22,10,460.84,500
2024-02-14,8,2,48,0,445.75,500
2024-11-26,8,1,37,10,445.98,500
2024-11-19,7,1,14,0,528.86,500
2025-02-02,7,6,22,0,541.78,500
2024-12-13,1,4,33,15,236.91,2380
2024-03-12,8,1,6,5,417.19,500
2024-08-03,3,5,27,5,440.36,500
2024-04-07,5,6,6,20,351.62,3893
2024-09-27,4,4,55,5,407.59,500
2025-02-10,10,0,44,10,514.19,500
2024-03-31,3,6,50,0,414.27,500
2024-05-21,10,1,54,0,527.52,500
2024-04-26,5,4,41,5,446.22,500
2024-01-02,3,1,16,15,261.54,2506
2025-01-15,9,2,47,5,529.99,500
2024-02-12,9,0,57,0,515.26,500
2024-03-11,6,0,2,5,405.78,1289
2024-05-23,3,3,37,0,371.36,500
2024-12-07,5,5,29,20,399.06,500
2024-09-02,8,0,23,10,416.31,1296
2024-10-10,9,3,21,20,427.96,2925
2025-02-19,3,2,13,0,392.95,500
2024-11-22,5,4,51,0,418.99,500
2024-08-01,2,3,1,5,301.0,2472
2024-04-16,2,1,29,15,276.51,500
2025-01-20,2,0,48,5,383.26,500
2024-09-19,6,3,7,15,406.56,500
2024-10-20,3,6,31,0,432.97,500
2024-06-24,10,0,45,10,552.5,500
2024-04-16,5,1,56,10,361.2,500
2024-03-26,8,1,22,5,474.53,2666
2024-08-14,5,2,16,5,405.1,2297
2024-03-22,2,4,28,10,348.39,500
2024-11-24,6,6,44,10,396.84,500
2024-08-28,2,2,39,0,352.49,500
2024-01-02,8,1,25,0,499.94,500
2024-09-07,2,5,14,5,393.98,500
2024-02-11,7,6,50,5,476.88,500
2024-03-21,4,3,21,5,414.6,500
2025-02-07,4,4,19,5,391.52,500
2024-09-18,8,2,13,0,476.59,500
2025-01-29,4,2,2,5,396.45,500
2024-07-15,8,0,51,0,496.42,1612
2024-09-04,9,2,36,10,485.71,500
2024-11-25,8,0,14,15,394.78,500
2024-10-22,4,1,34,15,333.1,500
2025-01-18,5,5,18,20,396.45,907
2024-02-05,6,0,24,0,492.17,500
2024-04-12,9,4,30,0,538.21,500
2024-10-29,5,1,51,10,376.13,500
2024-04-07,2,6,19,10,336.19,1372
2024-05-24,7,4,36,0,453.99,500
2024-10-08,6,1,59,10,386.04,500
2024-05-06,3,0,21,5,332.11,1497
2024-10-30,8,2,19,20,397.97,1969
2024-10-09,3,2,54,15,303.82,4261
2024-10-28,10,0,26,0,566.58,500
2024-03-07,4,3,35,0,410.81,500
2025-01-13,9,0,40,5,530.03,500
2024-05-26,4,6,4,0,456.98,500
2024-11-23,2,5,21,0,415.14,500
2024-03-21,9,3,3,20,400.37,3964
2024-09-09,10,0,5,15,479.99,7510
2024-08-29,8,3,43,10,456.73,500
2024-03-05,4,1,29,15,289.64,3596
2024-03-11,6,0,55,0,448.33,500
2024-02-05,6,0,19,10,377.85,500
2024-03-07,2,3,51,10,273.91,2032
2024-03-23,9,5,17,15,472.34,2393
2024-06-18,6,1,34,0,430.99,500
2024-03-07,5,3,20,15,342.04,1176
2024-04-07,2,6,28,15,294.81,500
2024-11-20,10,2,9,5,573.17,500
2024-10-19,1,5,3,5,311.24,3773
2024-09-06,7,4,10,20,371.92,3870
2024-10-28,4,0,21,0,420.47,500
2024-07-26,7,4,41,0,504.35,500
2024-11-07,5,3,52,0,391.95,500
2025-01-09,1,3,4,10,286.6,500
2024-03-03,5,6,22,15,409.37,500
2024-03-18,4,0,7,10,368.05,500
2024-01-30,1,1,12,5,319.6,500
2024-12-17,10,1,11,20,411.36,2660
2024-09-07,2,5,22,5,346.97,500
2024-11-14,9,3,29,20,416.36,4570
2024-04-24,1,2,27,20,252.51,500
2024-12-30,10,0,47,5,527.19,500
2024-11-27,4,2,20,0,368.3,1197
2024-08-06,8,1,14,0,529.3,500
2024-06-02,5,6,7,5,407.77,500
2024-08-08,10,3,15,15,473.38,1928
2024-01-23,7,1,46,0,450.6,2153
2025-01-03,2,4,28,0,342.04,500
2024-08-01,4,3,43,10,320.22,4516
2024-05-27,4,0,10,5,375.21,1111
2024-12-23,1,0,51,10,310.46,500
2024-10-28,8,0,3,10,484.18,500
2024-07-26,3,4,12,5,353.46,500
2024-06-07,4,4,13,15,308.94,4078
2025-02-08,2,5,39,10,373.02,500
2024-11-02,10,5,44,10,540.37,500
2024-06-15,5,5,54,0,459.93,500
2024-03-03,5,6,34,5,426.34,500
2024-11-20,3,2,1,10,334.23,2866
2024-10-02,8,2,38,0,500.87,500
2025-01-09,1,3,25,15,296.89,1180
2024-01-23,2,1,19,0,324.56,500
2024-08-11,1,6,25,0,344.71,500
2024-07-19,6,4,6,5,420.81,500
2025-01-21,4,1,45,0,359.26,500
2024-10-09,10,2,4,0,570.63,500
2024-12-12,1,3,26,5,325.6,500
2024-12-01,7,6,26,10,471.54,1455
2025-02-11,9,1,26,5,567.73,500
2024-08-02,5,4,14,0,445.4,500
2024-09-21,7,5,32,0,555.35,500
2025-01-20,4,0,48,5,381.74,500
2025-01-24,4,4,28,10,345.19,7027
2024-08-16,4,4,2,15,303.31,1651
2024-08-14,5,2,41,5,412.48,500
2024-11-22,8,4,45,10,464.61,2449
2024-11-30,4,5,21,20,374.31,500
2024-10-03,7,3,46,0,459.92,500
2024-08-17,9,5,14,0,585.0,500
2024-12-21,6,5,37,5,428.51,2391
2024-08-02,4,4,2,10,362.43,500
2024-06-05,5,2,5,0,441.53,2278
2024-01-13,8,5,38,5,531.37,500
2024-07-15,4,0,2,0,424.6,500
2024-04-20,4,5,1,10,410.46,500
2024-04-12,7,4,48,0,478.34,500
2024-04-12,6,4,22,20,389.77,1978
2024-06-18,1,1,41,0,323.43,500
2024-04-18,9,3,25,15,445.99,500
2025-01-10,5,4,46,5,448.77,500
2024-05-05,10,6,30,15,430.23,2943
2024-08-22,2,3,9,15,312.18,500
2025-01-19,5,6,37,0,483.27,500
2024-05-27,8,0,47,0,487.38,500
2024-06-19,6,2,10,10,405.51,500
2024-01-01,8,0,15,0,499.6,500
2024-02-09,5,4,49,20,334.88,975
2024-08-24,4,5,3,0,438.1,500
2024-01-07,10,6,8,0,601.43,500
2024-06-11,3,1,25,0,357.22,783
2024-10-16,2,2,36,0,349.86,500
2024-11-20,9,2,43,5,460.3,3865
2024-06-05,1,2,51,10,275.9,500
2024-04-23,10,1,46,10,465.67,500
2024-04-21,2,6,50,15,335.46,500
2024-09-13,6,4,21,0,418.81,500
2024-03-13,6,2,34,15,346.98,3508
2024-07-11,1,3,27,0,283.32,2745
2024-09-29,8,6,9,0,509.03,500
2024-08-11,4,6,10,0,470.95,500
2024-12-26,7,3,27,15,442.92,500
2024-04-03,10,2,25,10,485.87,500
2024-07-25,9,3,13,10,432.18,500
2024-06-18,2,1,51,10,306.88,1424
2024-06-04,7,1,4,5,490.75,500
2024-08-31,1,5,16,5,353.28,500
2024-01-03,3,2,12,0,331.17,500
2024-08-07,4,2,25,0,454.71,500
2024-01-05,3,4,48,5,346.04,2221
2024-07-12,8,4,49,10,435.58,500
2024-02-23,7,4,16,0,510.15,500
2024-10-26,3,5,39,0,423.31,500
2024-07-27,7,5,2,0,553.67,500
2024-03-16,2,5,9,5,366.59,500
2024-08-05,3,0,59,10,335.48,500
2024-04-27,7,5,44,10,450.65,500
2024-10-06,10,6,13,10,535.15,1457
2024-03-20,5,2,14,0,423.83,983
2024-07-05,9,4,12,15,428.3,3206
2024-01-08,8,0,35,15,381.88,5171
2024-03-31,6,6,22,0,504.26,500
2024-12-11,4,2,21,10,368.73,500
2024-12-16,3,0,48,20,293.67,4133
2024-07-28,6,6,50,5,492.47,500
2024-09-14,9,5,57,20,455.58,500
2024-02-10,5,5,3,0,478.09,500
2024-08-02,7,4,22,5,451.11,500
2024-07-02,7,1,9,0,427.39,2823
2024-10-30,7,2,47,0,514.18,500
2024-08-28,9,2,40,15,455.92,1830
2024-04-15,2,0,42,0,310.2,2228
2024-01-22,8,0,53,0,486.42,500
2024-12-18,2,2,54,5,348.85,500
2024-09-01,1,6,3,20,328.27,500
2024-09-30,10,0,31,0,558.62,500
2024-03-19,6,1,37,0,472.15,500
2024-11-18,2,0,6,5,379.47,500
2024-10-30,5,2,14,15,402.06,2512
2025-01-12,1,6,19,0,372.91,500
2024-01-23,7,1,58,0,494.77,500
2024-04-20,1,5,18,5,318.86,500
2024-05-09,8,3,58,5,473.53,500
2024-12-27,5,4,57,0,437.19,500
2024-09-16,5,0,7,20,329.94,1545
2024-06-02,3,6,36,15,318.92,1609
2024-01-19,2,4,29,20,279.05,1028
2024-02-18,6,6,3,5,415.1,500
2024-03-14,4,3,13,0,445.3,500
2024-08-01,10,3,36,0,548.28,2087
2024-02-22,4,3,41,5,410.28,500
2025-01-24,6,4,25,20,338.89,4238
2024-07-08,2,0,28,20,267.93,2437
2024-05-08,2,2,38,15,312.48,500
2024-05-23,10,3,11,0,594.79,500
2024-09-04,10,2,41,10,500.02,500
2024-06-28,4,4,9,10,337.68,500
2024-01-07,6,6,22,15,438.78,500
2024-12-09,2,0,21,5,301.97,500
2024-10-17,7,3,59,0,514.06,500
2024-07-24,8,2,19,0,531.85,500
2024-03-08,9,4,33,15,426.92,500
2024-12-26,6,3,4,5,423.95,652
2024-05-22,2,2,33,5,317.94,500
2024-04-17,6,2,45,20,369.13,500
2024-07-03,8,2,16,5,488.38,500
2024-08-27,10,1,44,0,498.55,500
2024-05-30,1,3,1,0,340.56,500
2024-07-29,6,0,15,0,447.06,500
2024-03-18,1,0,22,0,288.45,669
2024-08-15,6,3,32,0,468.3,500
2024-09-03,10,1,59,0,597.53,500
2025-01-15,4,2,37,0,403.31,500
2024-04-11,3,3,23,0,416.92,500
2024-08-01,3,3,33,0,399.63,500
2024-05-18,4,5,49,20,371.98,500
2025-01-22,3,2,40,20,311.16,1363
2024-07-04,9,3,22,10,466.53,2916
2024-06-16,4,6,40,15,355.08,500
2024-02-27,1,1,54,10,375.53,500
2024-04-28,4,6,54,15,378.4,500
2024-03-28,1,3,58,10,296.65,500
2024-05-01,10,2,47,5,553.46,500
2024-08-31,10,5,55,15,453.21,3283
2024-03-07,3,3,12,5,372.66,500
2024-10-20,4,6,48,5,456.41,500
2024-05-09,4,3,18,10,395.7,527
2024-12-08,9,6,32,20,465.76,2092
2024-02-09,6,4,3,5,398.82,1415
2024-07-30,3,1,36,10,361.77,500
2024-02-25,7,6,47,5,457.59,500
2024-07-18,4,3,46,20,356.17,500
2024-10-17,7,3,1,10,448.6,500
2024-10-31,2,3,57,5,321.71,500
2024-04-16,7,1,25,10,456.64,500
2024-07-13,8,5,20,0,535.37,500
2024-12-17,7,1,17,0,478.0,500
2024-05-01,6,2,49,10,424.48,500
2024-04-04,4,3,22,10,358.59,525
2024-10-13,9,6,50,0,558.37,500
2024-05-04,1,5,33,5,328.93,500
2024-11-27,5,2,26,15,385.33,500
2024-05-05,1,6,27,5,347.99,500
2025-02-05,10,2,34,0,581.5,500
2024-12-09,1,0,23,0,307.83,500
2024-02-05,6,0,16,5,399.74,5997
2025-02-16,6,6,14,15,444.59,500
2024-08-04,7,6,52,20,386.27,3988
2025-02-10,10,0,55,0,533.43,500
2024-01-03,9,2,55,15,461.3,2071
2024-01-30,6,1,52,10,453.73,500
2024-09-11,2,2,50,5,342.99,500
2024-02-14,4,2,41,20,294.61,500
2024-06-25,9,1,14,0,497.85,500
2024-08-09,2,4,45,0,349.91,500
2024-04-22,7,0,26,15,420.11,1484
2024-05-01,4,2,46,0,371.62,500
2024-10-01,10,1,58,15,444.68,1352
2025-01-23,6,3,51,10,403.39,500
2024-08-19,1,0,49,0,346.3,500
2024-11-07,8,3,27,0,461.28,500
2025-02-21,6,4,40,0,379.08,500
2024-09-05,7,3,4,10,424.92,1891
2024-11-24,6,6,9,0,571.6,500
2024-04-12,7,4,56,10,414.99,500
2024-06-24,5,0,27,0,460.39,500
2024-08-23,3,4,43,15,292.66,500
2024-10-08,6,1,39,20,362.96,4225
2024-09-01,10,6,15,10,560.5,500
2024-05-12,9,6,25,20,448.85,1905
2024-12-09,6,0,18,5,393.43,5213
2024-06-07,9,4,52,0,526.85,500
2024-10-06,2,6,30,0,414.61,500
2024-12-06,1,4,37,5,365.02,500
2024-01-22,4,0,16,0,359.95,1913
2024-04-11,5,3,53,15,370.08,500
2024-05-29,10,2,12,15,445.93,2143
2024-02-26,7,0,17,10,431.88,1456
2024-06-06,8,3,25,10,426.83,500
2025-01-03,1,4,15,0,304.94,2075
2024-10-29,6,1,25,0,498.61,500
2024-07-13,1,5,21,10,330.29,500
2024-06-15,8,5,58,5,476.24,500
2024-12-10,1,1,19,10,287.99,2533
2024-07-12,4,4,24,0,419.8,500
2024-12-12,3,3,7,10,343.22,500
2025-02-16,2,6,53,15,343.4,722
2025-02-01,8,5,12,5,567.33,500
2024-09-16,6,0,49,5,455.24,500
2024-07-18,4,3,39,0,441.92,500
2024-01-05,3,4,11,0,386.62,500
2024-10-26,6,5,33,5,490.47,500
2024-03-31,6,6,49,0,469.32,500
2024-01-24,5,2,25,15,380.27,500
2024-08-23,3,4,54,0,421.82,500
2024-08-22,10,3,39,5,528.76,500
2024-08-13,9,1,34,5,486.85,500
2024-01-28,6,6,11,0,530.05,500
2024-05-31,5,4,16,20,321.03,5740
2025-01-18,7,5,32,15,496.17,500
2024-09-02,1,0,15,5,318.31,500
2024-01-05,7,4,40,10,384.38,500
2024-01-13,1,5,15,10,340.67,628
2024-02-24,9,5,7,10,546.66,500
2024-10-12,6,5,37,5,497.59,500
2024-04-11,7,3,40,15,404.69,3960
2024-12-04,7,2,2,15,407.61,1456
2024-08-01,1,3,6,5,340.76,500
2024-04-22,2,0,36,0,291.59,843
2024-12-03,10,1,39,0,533.38,500
2024-03-30,3,5,38,5,374.16,500
2024-09-27,8,4,28,15,446.56,500
2024-09-03,9,1,22,10,448.85,3372
2024-01-30,8,1,37,5,454.92,500
2024-01-28,6,6,59,0,476.52,500
2025-01-22,2,2,5,10,292.74,500
2024-03-08,2,4,18,5,362.98,500
2024-12-22,10,6,11,5,547.22,548
2024-05-22,7,2,55,15,417.73,660
2024-02-03,9,5,55,15,466.95,2275
2024-12-20,6,4,8,15,382.28,3424
2024-08-14,1,2,20,10,287.5,500
2024-07-21,9,6,11,20,407.06,3651
2024-03-01,7,4,59,10,395.71,2203
2024-07-09,3,1,27,15,287.11,3131
2024-01-02,2,1,29,10,344.49,500
2024-04-27,3,5,25,15,385.6,500
2024-11-03,2,6,58,0,375.22,500
2024-02-21,10,2,51,15,478.92,500
2024-01-15,2,0,19,0,329.09,500
2024-10-10,4,3,2,0,408.55,500
2024-04-05,6,4,42,5,417.4,500
2024-04-07,3,6,39,0,399.56,500
2024-02-24,9,5,44,10,524.74,500
2024-10-04,5,4,58,10,391.18,500
2025-02-16,5,6,2,0,442.51,3181
2024-09-01,7,6,7,10,509.81,500
2024-11-23,9,5,51,20,496.28,500
2025-01-30,1,3,31,15,279.28,500
2024-02-07,9,2,33,0,543.2,500
2024-04-29,2,0,11,10,377.97,500
2024-09-14,3,5,40,0,433.1,500
2024-05-19,5,6,40,5,403.07,500
2024-07-01,10,0,46,5,523.73,500
2024-07-31,4,2,13,20,311.71,4504
2024-05-05,5,6,10,10,406.55,500
2024-05-19,10,6,49,10,542.97,500
2024-04-18,5,3,59,5,390.04,500
2024-01-09,5,1,38,5,427.54,500
2024-02-01,10,3,20,20,424.99,4947
2024-08-22,10,3,21,0,517.05,2018
2024-03-13,10,2,14,0,588.04,500
2024-05-15,5,2,24,0,416.85,500
2024-09-10,2,1,40,0,373.92,500
2024-04-25,1,3,7,5,281.92,500
2024-06-04,10,1,5,0,544.51,500
2024-03-22,8,4,6,20,415.64,2766
2024-04-16,3,1,40,10,316.58,500
2024-08-16,7,4,53,10,439.92,500
2024-10-18,8,4,35,10,482.26,500
2024-04-26,6,4,9,15,391.59,4959
2024-10-14,6,0,57,15,368.78,500
2024-07-31,3,2,42,0,356.41,2363
2024-06-15,9,5,1,0,542.27,917
2024-02-18,3,6,39,20,310.9,2191
2024-08-08,5,3,20,10,404.88,500
2025-02-05,6,2,6,0,422.04,508
2024-10-05,1,5,32,5,338.38,500
2024-10-15,9,1,13,20,424.25,500
2025-01-02,7,3,39,20,371.07,2982
2024-06-27,1,3,40,5,289.21,500
2024-06-19,6,2,59,15,412.97,500
2024-01-04,7,3,21,10,410.96,4495
2024-12-01,5,6,37,5,446.81,500
2024-07-13,5,5,12,5,426.97,500
2025-01-15,7,2,6,15,389.07,1585
2024-09-14,3,5,55,10,337.6,990
2024-02-14,3,2,15,0,375.47,500
2024-12-09,1,0,21,5,271.83,860
2024-07-26,8,4,21,5,483.24,500
2024-04-24,2,2,28,5,324.11,1470
2024-05-09,3,3,36,0,346.28,500
2024-06-08,7,5,17,10,432.82,1600
2024-01-01,10,0,46,0,480.96,500
2024-09-30,10,0,7,15,484.16,500
2024-06-08,8,5,23,5,511.47,500
2024-09-21,9,5,45,15,484.26,500
2024-11-06,8,2,22,10,463.4,500
2024-11-18,7,0,10,5,496.31,500
2024-09-04,10,2,18,0,521.27,500
2024-01-24,1,2,2,10,275.74,2752
2025-01-11,1,5,54,20,304.66,500
2024-09-23,8,0,12,0,522.06,3214
2024-06-04,7,1,45,0,476.84,500
2024-09-28,2,5,57,20,263.29,3151
2024-04-02,9,1,53,15,389.48,5009
2024-12-26,10,3,39,5,520.27,1481
2024-01-12,7,4,50,10,456.79,500
2024-08-25,9,6,22,5,577.68,500
2024-04-30,1,1,43,5,260.07,2670
2024-03-30,3,5,22,5,407.51,500
2025-01-22,10,2,42,5,535.14,500
2024-03-15,2,4,22,10,300.66,3282
2024-11-17,6,6,6,0,494.22,500
2024-01-31,10,2,46,0,542.71,500
2024-07-13,4,5,52,10,365.06,1925
2024-03-29,2,4,37,0,331.3,500
2024-04-07,2,6,20,10,405.47,500
2024-05-08,6,2,6,0,458.68,500
2024-10-21,9,0,9,0,488.65,500
2024-04-04,6,3,29,5,395.45,980
2024-06-12,4,2,37,0,446.72,500
2024-08-17,9,5,5,5,522.8,4055
2024-05-19,2,6,51,0,378.79,500
2024-11-12,6,1,13,5,450.09,500
2024-11-23,7,5,27,0,504.79,500
2025-01-29,3,2,23,0,359.04,500
2024-04-18,4,3,37,10,366.0,500
2024-01-14,7,6,46,10,444.38,500
2025-01-26,9,6,34,0,550.95,1587
2024-06-09,5,6,25,5,487.17,500
2024-05-11,2,5,37,0,365.3,500
2024-04-22,8,0,23,10,443.28,2519
2024-10-12,9,5,28,10,566.19,500
2024-12-05,2,3,55,0,244.78,2460
2024-04-03,10,2,26,20,485.58,500
2024-12-12,10,3,12,20,452.64,5703
2024-03-29,1,4,56,0,338.99,500
2024-11-05,4,1,52,0,413.53,500
2024-05-13,1,0,39,0,312.07,500
2024-09-17,1,1,3,15,250.63,5496
2024-07-24,5,2,9,5,403.01,500
2024-11-02,7,5,47,0,511.62,500
2025-02-01,3,5,15,20,337.44,2893
2024-02-03,7,5,8,10,455.3,809
2024-06-17,5,0,28,10,405.2,500
2024-12-10,10,1,26,15,488.33,2018
2024-05-25,8,5,16,15,422.08,1991
2024-01-20,7,5,57,0,464.15,500
2024-04-16,1,1,34,10,271.49,500
2024-05-15,1,2,20,10,256.53,1394
2024-01-26,7,4,1,0,506.95,500
2024-09-02,6,0,24,0,430.6,500
2024-12-06,9,4,29,5,513.58,500
2024-06-03,8,0,4,15,421.53,5400
2025-02-19,6,2,4,15,405.66,500
2024-02-11,6,6,55,15,405.38,500
2024-06-26,9,2,38,20,382.38,4076
2024-03-21,4,3,3,0,379.2,500
2024-06-25,9,1,40,5,420.24,500
2024-07-11,8,3,2,5,432.0,688
2024-07-09,3,1,29,10,346.68,500
2024-10-09,4,2,49,15,344.95,500
2024-09-02,7,0,28,5,434.97,500
2024-04-09,3,1,12,5,351.37,2897
2024-02-04,3,6,44,10,330.48,1669
2024-10-20,8,6,15,10,504.25,500
2024-10-20,5,6,50,0,458.85,500
2024-02-11,5,6,41,20,384.66,500
2024-06-18,8,1,31,0,514.08,500
2024-02-26,6,0,53,0,458.5,500
2024-12-21,5,5,37,5,414.74,500
2024-02-23,1,4,32,10,300.0,500
2025-01-28,5,1,22,20,350.5,557
2024-07-06,8,5,3,20,415.86,3088
2024-10-22,9,1,17,10,481.09,2123
2025-01-19,6,6,29,5,424.14,500
2025-01-10,10,4,56,10,509.82,500
2024-03-26,3,1,55,20,307.37,663
2024-03-04,8,0,12,0,544.73,500
2024-03-21,5,3,14,5,458.56,500
2024-09-24,2,1,8,10,308.15,500
2024-07-03,1,2,41,0,340.32,500
2024-12-10,8,1,2,5,484.85,500
2024-01-26,2,4,53,10,307.58,500
2024-08-25,3,6,34,20,289.39,3118
2024-10-22,9,1,24,20,392.75,6410
2024-12-31,1,1,48,10,278.09,1084
2025-01-03,8,4,20,20,406.47,5673
2024-10-25,2,4,43,0,391.45,500
2024-08-12,8,0,52,10,447.24,500
2024-11-23,2,5,10,5,400.15,500
2025-01-31,7,4,40,15,440.7,500
2024-03-30,3,5,7,15,338.14,3722
2024-01-17,4,2,1,0,357.9,500
2024-03-28,1,3,55,20,260.9,846
2024-01-24,10,2,10,0,509.85,2345
2024-11-27,1,2,51,15,322.59,500
2024-08-10,10,5,5,0,624.98,500
2024-02-27,8,1,56,15,460.93,500
2024-07-07,8,6,54,0,488.1,500
2024-08-09,2,4,40,5,322.14,500
2025-02-15,4,5,21,20,353.28,500
2024-12-18,2,2,58,15,307.74,500
2024-02-20,8,1,9,15,415.79,1617
2024-03-28,7,3,29,15,337.53,4288
2024-08-09,7,4,31,10,439.99,973
2024-12-13,10,4,45,20,482.41,2518
2025-01-01,3,2,46,15,370.0,500
2024-06-15,5,5,27,5,434.18,606
2024-07-12,1,4,6,10,294.62,1889
2024-04-10,10,2,43,20,415.85,3316
2024-07-20,4,5,31,15,376.03,2490
2024-01-13,4,5,41,0,427.13,500
2024-05-26,1,6,45,10,314.51,500
2024-09-18,7,2,36,15,365.59,744
2024-05-25,5,5,2,0,511.23,500
2024-01-09,1,1,56,20,254.16,1095
2024-03-21,5,3,21,5,390.12,1386
2024-03-08,8,4,34,5,481.39,500
2024-11-05,10,1,22,0,532.64,500
2024-05-05,8,6,13,0,477.08,844
2024-02-19,2,0,19,5,369.71,500
2024-03-10,1,6,33,10,329.43,500
2024-05-18,2,5,38,5,392.94,500
2025-01-08,6,2,59,10,410.23,500
2024-06-18,5,1,40,5,430.79,500
2024-03-30,4,5,49,15,391.9,500
2024-05-18,8,5,3,20,378.77,3340
2024-03-12,5,1,38,10,394.6,2486
2024-09-01,4,6,58,15,351.23,500
2024-03-07,8,3,19,15,402.11,500
2024-05-09,1,3,7,10,246.87,500
2024-07-28,9,6,15,0,619.25,500
2024-07-12,2,4,38,0,345.91,500
2024-01-26,8,4,25,20,390.01,4263
2024-11-27,9,2,22,0,502.03,500
2024-10-19,10,5,23,0,660.42,500
2024-08-05,8,0,50,0,530.4,500
2024-02-05,9,0,10,5,430.28,794
2024-01-16,4,1,36,10,396.83,500
2024-03-18,2,0,37,10,290.19,500
2024-11-17,3,6,50,0,434.72,500
2024-01-21,8,6,59,0,526.7,500
2024-05-14,5,1,42,0,372.95,4942
2024-09-01,4,6,42,5,403.32,500
2025-01-29,3,2,42,10,344.01,500
2024-07-02,3,1,7,0,382.72,500
2024-06-20,10,3,52,0,539.49,500
2024-02-23,10,4,46,15,468.86,500
2024-04-02,7,1,25,15,407.12,2466
2024-11-09,8,5,40,0,567.38,500
2024-10-19,5,5,58,10,453.89,500
2025-01-10,8,4,41,5,475.05,500
2024-06-24,9,0,24,0,485.29,500
2024-07-08,4,0,5,20,335.37,1108
2024-09-02,2,0,57,0,370.49,500
2024-10-21,5,0,21,0,451.75,500
2024-07-10,2,2,40,0,321.22,500
